:020000040800F2
:1000000000500020ED2F0008EB2F0008E92F00081A
:10001000E92F0008E92F0008E92F00080000000080
:10002000000000000000000000000000EB2F0008AE
:10003000EB2F000800000000EB2F00084D640008C3
:10004000E92F0008E92F0008E92F0008E92F000830
:10005000E92F0008E92F0008E92F0008E92F000820
:10006000E92F0008E92F0008E92F0008E92F000810
:10007000E92F0008E92F0008CD5400082555000895
:10008000E92F0008E92F0008E92F0008E92F0008F0
:10009000995D0008E92F0008E92F0008E92F000802
:1000A000E92F0008E92F0008E92F0008E92F0008D0
:1000B000E92F0008F9650008E92F0008E92F00087A
:1000C000E92F0008E92F0008E92F0008E92F0008B0
:1000D000E92F0008A1540008E92F0008E92F0008C3
:1000E000B54E0008E92F0008E92F0008E92F0008A5
:1000F000E92F0008E92F0008E92F0008E92F000880
:10010000E92F0008E92F0008E92F0008E92F00086F
:10011000E92F0008E92F0008E92F0008E92F00085F
:10012000E92F0008E92F0008E92F0008E92F00084F
:10013000E92F0008E92F0008E92F0008E92F00083F
:10014000E92F0008E92F0008E92F0008E92F00082F
:10015000012910B51346074C05DD002258681146E9
:100160000EF0C6F920602168034801F096FE0120D8
:1001700010BD00BF00000020E0FB000808B50848E3
:1001800001F05CFE40F2E731064801F086FE0648C9
:1001900001F054FE054801F051FE012008BD00BFEA
:1001A0000FFC000837FC00084EFC000881FC00082A
:1001B00001292DE9F0410F4616463ADD54682046E4
:1001C0000EF078FD1D49024620460EF05BFC044609
:1001D00078BB022F2FD002254FF00108002256F8DD
:1001E000250011460EF084F91F2898BF08FA00F088
:1001F00005F1010598BF0443AF42EFD8104801F064
:100200004CFE1F250F4E24FA05F1304601F0010186
:1002100001F043FE013DF6D20B4801F03EFE2046C0
:1002200006F052F909490A4801F037FE0120BDE8FD
:10023000F0810024E2E74FF0FF34DFE7D1FC000853
:10024000D8FC000819080108CFFC0008241200207F
:10025000E7FC00082DE9F043012907460E46144645
:1002600087B02DDD50680EF025FD022E054611D118
:1002700002469D4960680EF005FC18B32A469B496A
:1002800060680EF0FFFB60B32A46994960680EF083
:10029000F9FB58B32A46974960680EF0F3FB002833
:1002A00040F08880944B02461F460130102803F826
:1002B000012BFAD1022E914B6AD101221A700CE067
:1002C00040F06881012200218D4B8E481A708E4BC0
:1002D0004FF4C07219700EF093FB012007B0BDE817
:1002E000F083874B1870884B1870F6E7844B874A69
:1002F0001978854B864C1878864B002808BF1A461B
:10030000854B8648002914BF1946214601F0C5FDDA
:1003100083490B78002B37D1204601F08FFD3846FA
:100320000DF03AFA7C4A7A49002818BF11467D48F8
:1003300001F0B3FD7C4801F081FD704B1B7813B1D7
:100340007A4801F07BFD00246B4D794E15F8013B96
:100350001BB12146304601F0A0FD0134102CF5D12F
:10036000744B1B7833B1744B74481A68744B19681A
:1003700001F093FD734B744A74491B681268096855
:10038000734801F08AFDA8E7724801F086FDC6E7D0
:1003900002254FF001081A70002254F8250011467A
:1003A0000EF0A6F801350F2898BF07F80080AE427E
:1003B000F2D892E7022E40F0EE802A466649606845
:1003C0000EF060FB002840F00481554B8CE72A4674
:1003D000624960680EF056FB002846D1554B83E712
:1003E000042E23D12A465D4960680EF04BFB00289D
:1003F0003BD1534E5A493246A0680EF045FA0546A5
:100400004D4F57493A46E0680EF03EFA012D494BF0
:1004100006D1012804D13968326891423FF664AFB1
:10042000002250481A7001F009FD56E7052E1CD134
:100430002A464D4960680EF025FB0546A8B90246DC
:100440000146A0680EF054F8404B2A461860294631
:10045000E0680EF04DF83C4B2A46186029462069AA
:100460000EF046F8374B186037E74048DBE72A467E
:100470003F4960680EF006FB06460028A7D13D4BB9
:100480003D48196801F009FD3C4801F0D7FC3446AD
:100490001C4D194FDFF8E8803A4EDFF8EC90D8F8A1
:1004A000003032681A44A2427FF617AF696917F824
:1004B000012B04912969002A0391E96818BF792268
:1004C0000291A96808BF6E22019169682F480091C6
:1004D0002F491835A3428CBF4B460B46214601F0ED
:1004E000DCFC0134DBE700BF21FD00085FFE0008F3
:1004F00058FE0008B0FD00085007002084000020CE
:1005000060070020D00500206407002016FD0008C9
:1005100012FD00081AFD0008071F010829FD000848
:100520006607002048FD000852FD00085EFD000837
:1005300064FD0008620700208007002069FD0008B4
:100540008407002088000020900000208C000020FC
:100550007EFD000843FD0008B8FD000837FE0008D6
:10056000410701083BFE000845FE00084AFE00085E
:1005700051FE0008CC050020CBFD0008DCFD000882
:100580007C07002078070020F41301080DFE000806
:100590001DFD00080025032E7FF422AF2A461549D1
:1005A00060680EF06FFA064600287FF45EAF124DC9
:1005B00010222846A1680EF077FA10232022EE734D
:1005C00015F8011B5F2908BF05F8012C013BF7D185
:1005D00083E62A46094960680EF054FA00287FF441
:1005E00046AF074B074A08491B6812680968074865
:1005F000C7E600BFB8FD00086607002045FE0008FA
:1006000088000020900000208C000020BEFD000823
:100610000129134610B512DD0022586811460DF06D
:1006200067FF04460CF076FF012004F065FB2046CE
:1006300005F0FEFE002004F05FFB012010BD002449
:10064000F0E7000008B5064B00215B6801209847E1
:10065000002211461046FFF7DBFF012008BD00BF56
:10066000580E002010B5094801F0E8FB084801F0D9
:10067000E5FB002107480CF017FF044620B90648A7
:1006800001F0DCFB204610BD0120FCE768FE0008FD
:100690007CFE00089D0600088CFE00082DE9F04352
:1006A000064685B008460D460DF061F8002828463C
:1006B00014BF4FF02A094FF020090DF049F9044604
:1006C00028460DF043F917490EF0DCFAD8B9284650
:1006D0000DF03CF9074628460DF03CF980462846C7
:1006E0000DF03BF9104B4A46002C08BF1C46314622
:1006F000CDE901043B460D48CDF8008001F0CDFB6B
:1007000005B0BDE8F08328460DF020F9064A0346FF
:10071000002C08BF144631464A460548009401F0B3
:10072000BCFBEDE7A6FE0008F5000108B3FE0008DB
:10073000E7FE00080229134613B518D100225868B5
:10074000019201A90A220DF0D3FE019C2CB9104898
:1007500001F0A3FB204602B010BD23784D2B10D032
:100760006B2B02D14FF47A73584305F07DFE05F0F0
:1007700097FE431C014606D1064801F08EFB01207E
:10078000E9E7054BF0E7054801F087FBF7E700BF15
:10079000F7FE00083BFF000840420F004BFF000837
:1007A00030B59FB004F05CFB002830D1244B1B789F
:1007B00013B1012004F0A0FA00234FF0FF3203939D
:1007C0000592204A06A8116801931D9103A91160A2
:1007D0000EF04AFA20B91B4C03AD2368AB421DD082
:1007E000039B012B20D0022B02D1174801F055FBAF
:1007F000019B83F0010212F0FF021AD0002004F0E6
:100800007BFA124801F01AFB00201FB030BD04F043
:1008100027FB01460E4801F040FBC7E708F036FD14
:100820001D9B01902360D8E704990A4801F035FB2D
:10083000DEE711461046FFF715FF0120E5E700BF90
:10084000A0010020A401002077FF0008B4FF0008E9
:1008500063FF0008A5FF000870B59EB004F000FB20
:10086000002832D12C4B1B7813B1012004F044FA3C
:1008700000234FF0FF3203930592284A06A811681F
:1008800001931D9103A911600EF0EEF930B9234CCC
:10089000234D244E226803AB9A421DD0039B012BAB
:1008A0002ED0022B02D1204801F0F7FA019B83F0F1
:1008B000010212F0FF0228D0002004F01DFA1B48AC
:1008C00001F0BCFA00201EB070BD04F0C9FA014668
:1008D000174801F0E2FAC5E708F0D8FC01900028BB
:1008E000DCD1284601F0AAFA019806F0A1FE019099
:1008F0000028D3D1304601F0A1FA1D9B2360C9E73F
:1009000004990C4801F0C9FAD0E711461046FFF7E8
:10091000A9FE0120D7E700BFA0010020A40100200C
:10092000CEFF0008F7FF000877FF0008130001085A
:1009300063FF0008A5FF00081346002230B5012917
:100940009FB0029204DD114658680DF0D1FD02906F
:1009500004F086FA002830D1244B1B7813B1012013
:1009600004F0CAF900234FF0FF3203930592204AA6
:1009700006A8116801931D9103A911600EF074F986
:1009800020B91B4C03AD2368AB421DD0039B012B48
:1009900021D0022B02D1174801F07FFA019B83F08E
:1009A000010212F0FF021BD0002004F0A5F912484A
:1009B00001F044FA00201FB030BD04F051FA0146A6
:1009C0000E4801F06AFAC7E7029806F031FE1D9B57
:1009D00001902360D7E70499094801F05EFADDE74A
:1009E00011461046FFF73EFE0120E4E7A00100207B
:1009F000A401002077FF00082600010863FF00081B
:100A0000A5FF000870B5044638B103681B6823B918
:100A100020460DF031F8012070BD084801F00EFAB3
:100A2000074D084E296811B9002CF1D1F3E7AA68E7
:100A3000304601F032FA0C35F4E700BF3800010807
:100A4000C80401084B0001082DE9F341144605468E
:100A500030B91A4801F0F2F9012002B0BDE8F08186
:100A6000052926D11022002160680DF041FD1022D9
:100A700006460021A0680DF03BFD1022074600212C
:100A8000E0680DF035FD10228046002120690DF050
:100A90002FFD044643463A4631460090084801F08F
:100AA000FCF943463A463146284600940CF0ECFEE9
:100AB000D2E70449044801F0F0F9CDE756000108F7
:100AC00064000108AD000108520001082DE9F0475B
:100AD00005460E464FF00008012482B000AF3046B4
:100AE0000EF0E8F840451CD8A400073424F00704B1
:100AF000ADEB040D0024304622493A1D7C60E846E7
:100B00000EF00DF81F4EB0B91F4ED6F80090B9F197
:100B1000000F19D19DB34246214628460CF06BFFC9
:100B20001BE016F80830202B01D0092B00D101342E
:100B300008F10108D3E748F82400314600203A1DA7
:100B40000DF0EDFF0134DEE75CB942462146284650
:100B50007368984780F00100C0B20837BD46BDE811
:100B6000F087D8F800A050460EF0A4F84946024697
:100B700050460DF087FF0028E7D00C36C5E74FF050
:100B8000FF30EAE7F3000108C804010870B5054624
:100B90000E460EF08FF8044690B102460B492846E7
:100BA0000DF070FF28B90120307070BD3070012049
:100BB000FBE72246284606490DF064FF0028F5D0E1
:100BC000044801F03BF90020EFE700BFF600010800
:100BD0002E010108FD000108012908B50CD00229E9
:100BE00006D10B495068FFF7D1FF28B9012008BD95
:100BF000084801F023F9F9E7054B074A1978074B34
:100C00000748002914BF1146194601F046F9EDE7DF
:100C1000A00100203601010821FD00085FFE000848
:100C2000530101082DE9F04FDFF8D8B01C46DBF87E
:100C30000830A3B043F00103CBF8083007468A46DA
:100C4000904605F00BFC0026814624F00305AE42D9
:100C500020D32C4B641B1E6818D02346384605EB66
:100C6000080202A90CF086FDA8BB274D02AB13F8C1
:100C7000012B86EA02660822002E4FEA4606B8BF1C
:100C80006E40013AF8D101308442F0D10120CAF817
:100C9000006021E005F0E2FB09F57A72824206D29B
:100CA00001900121002005F03DFA019B9946AB1B04
:100CB000802B28BF8023384606EB080202A9019347
:100CC0000CF058FD38B9019B02AA984202F10402C7
:100CD00005D38036BBE7002023B0BDE8F08F12F8C3
:100CE000031C12F804CC090441EA0C6112F801CC8F
:100CF000043041EA0C0112F802CC41EA0C21CBF895
:100D00000010E2E700300240B71DC104094A38B5BF
:100D100013680BB90DF0A2FA9D689C6E284207D0AB
:100D2000C3E90001014603F10C0014600DF0A2FFBD
:100D30002346EEE7A401002073B5054601F06CF9E7
:100D4000012604464FF48061204600F02BFF012865
:100D5000034602D12278042A0BD04FF48062214648
:100D60002846009600F08CFA2378462BEAD102B090
:100D700070BD4FF0FF30FAE7F0B54E7805462D2EE6
:100D80000CBF022701270846002487B00DF10F038E
:100D90000093154905AB04AA3844CDE904448DF805
:100DA0000F400DF071FD002808DC42F20F734FF088
:100DB000FF3085F83A402B8707B0F0BD012818BFF7
:100DC000BDF8144003282C870CD19DF80F30A3F1F7
:100DD00043025342534104982D2E85F83A3008BF00
:100DE0004042E9E70023F6E78805010813B5044609
:100DF00004980090044801F00BF8204602B0BDE8CA
:100E00001040FFF799BF00BF9105010810B50446D7
:100E1000034800F0FDFF2046BDE81040FFF78CBFFF
:100E2000AE05010810B50446034800F0F1FF204666
:100E3000BDE81040FFF780BFBA05010810B50446B1
:100E4000034800F0E5FF2046BDE81040FFF774BFFF
:100E5000D005010810B50446034800F0D9FF20462C
:100E6000BDE81040FFF768BFE705010813B5044669
:100E700004980090044800F0CBFF204602B0BDE883
:100E80001040FFF759BF00BFFE05010810B504462A
:100E9000034800F0BDFF2046BDE81040FFF74CBFFF
:100EA0001E06010810B50446034800F0B1FF2046B5
:100EB000BDE81040FFF740BF3206010810B50446F8
:100EC000034800F0A5FF2046BDE81040FFF734BFFF
:100ED0004A06010810B50446034800F099FF204671
:100EE000BDE81040FFF728BF5A06010810B50446B8
:100EF000034800F08DFF2046BDE81040FFF71CBFFF
:100F00007406010810B50446034800F081FF20462E
:100F1000BDE81040FFF710BF8106010808461146E2
:100F200000F0AABF38B50D4D0C462B688B420ED190
:100F30000B480DF0BFFE0146094800F03DFF09488F
:100F400000F07CFF002301222B60074B1A70074B37
:100F50001A68A24204BF00221A6038BDA80100200E
:100F6000950601089F060108AC010020B001002091
:100F700008B511B103783A2B02D00D4B1B6843B969
:100F80000C480DF097FE01460A48BDE8084000F005
:100F9000D3BE1B6EDB0705D507480DF08BFE01465F
:100FA0000548F2E705480DF085FE01460348ECE7E9
:100FB000A8010020CF060108D10601089D060108FE
:100FC00010B5054C20460DF075FE01462046BDE8E3
:100FD000104000F0B1BE00BFD306010810B5064CAA
:100FE000012000F0ADFD20460DF064FE01462046D4
:100FF000BDE8104000F0A0BED706010810B5074CB0
:10100000206848B10CF01AFC20680CF0A1FB2268A3
:10101000034B1A600023236010BD00BFA80100200D
:10102000B00100201FB5124902AB01AA0DF02CFC43
:10103000022809D10F4B186848B90F480DF03AFE45
:1010400001460D4800F078FE05B05DF804FB03A9E9
:10105000DDE90123FFF7E6FD28B908480DF02AFE77
:1010600001460648EEE70399054800F0D1FEEBE79C
:101070003D070108A8010020CF060108DA06010893
:10108000DE06010808B5002000F05AFDBDE8084062
:101090004FF48061014800F0BBBE00BFE3060108C9
:1010A00073B50E4605460DF005FE00230446CDE956
:1010B00000336A463046124901AB0DF0E5FB0228C9
:1010C00008D010480DF0F6FD01460E4800F034FE41
:1010D00002B070BD009AA242F3D805D10A480DF0C3
:1010E000E9FD01460848F1E7019BA41AA34228BF85
:1010F0002346012105482A4400F0D0FDE8E700BF5F
:10110000C4070108CF060108B6FD000839FE000833
:101110002DE9F0414C0804F1080323F0070300AF68
:10112000ADEB030D6D4601462246284600F0F3FE66
:1011300000234FEAD50804F83830164B29461868C2
:10114000FFF7C4FC002809DA13480DF0B3FD01468F
:10115000114800F0F1FDBD46BDE8F08105D10F4812
:101160000DF0A8FD01460D48F3E70D480DF0A2FD76
:10117000440004F1080323F00703ADEB030D02461E
:101180000749684600F09DFE214600F0D5FDAD46BA
:10119000E1E700BFA8010020F5000108D70601081B
:1011A0002D07010808B510F80B3C662B0BD1094B35
:1011B0001B6843B108480DF07DFD01460648BDE8B7
:1011C000084000F0B9BD05480DF074FD0146034824
:1011D000F5E700BFA801002035070108B6FD0008AB
:1011E00038B50F4B0546186858B90E4B186840B90A
:1011F0000D480DF05FFDBDE8384001460A4800F09B
:101200009BBD0CF09EFB041E2946084818BF2046D3
:10121000FFF746FF2046BDE838400DF04BB800BF51
:10122000A8010020B0010020CF060108F500010848
:1012300010B5104B04461868ADF5806D68B90E4BBB
:10124000186850B90D480DF035FD01460B480DF5F5
:10125000806DBDE8104000F06FBD4FF480626946BC
:101260000CF014FA21466846FFF71AFF0DF5806D61
:1012700010BD00BFA8010020B0010020CF0601086A
:101280002DE9F0439BB01E460B7802AF7A2B0D463A
:10129000904697F8804007D83E2B0AD8042B00F0E0
:1012A0000082212B00F0FE80BB480DF003FD0146BB
:1012B00098E33F3B3B2BF7D801A252F823F000BF45
:1012C0007F150008A9120008A9120008A912000839
:1012D0006F150008A3160008A91200088B16000855
:1012E000751400082F150008A9120008A91200089B
:1012F000A9120008A9120008B1140008A9120008D8
:10130000A91200081D16000889170008DF1600083A
:10131000A9120008A9120008A9120008A9120008C1
:10132000A91200080B170008A9120008E919000803
:10133000A9120008A9120008A9120008A9120008A1
:10134000A9120008A9120008A9120008A912000891
:101350006F150008A9120008A9120008A9120008B8
:10136000B1130008A9120008A9120008A912000868
:10137000D9160008A912000801140008A9120008D3
:10138000A9120008CD15000889170008DF1600080B
:1013900057150008A9120008A91200088F170008A5
:1013A000A9120008A9120008A9120008E9190008EA
:1013B000DFF8E881D8F8000028B979480DF07AFC08
:1013C0000146774821E10CF0BAFA0446002800F003
:1013D0001F81E946C31D23F00703ADEB030D02AEE9
:1013E0003146D8F800000CF0F7F92246314628467D
:1013F00000F067FD610000F09FFCCD4600247FE116
:10140000664C6E46236843B965480DF053FC0146AF
:10141000634800F091FCB546F0E707F10C0328465D
:10142000604907F108020DF02FFAFB68B3EB580F83
:1014300005D95D480DF03EFC01465B48E9E7DA1D41
:1014400022F00702ADEB020D0DF108084146BA6823
:1014500020680CF08FF928B154480DF02BFC0146A0
:101460005248D6E741462846FA6800F02AFDF96856
:101470004900CEE7494C206800289ED00CF05FFA66
:10148000024678B1E846C31D23F00703ADEB030D18
:1014900002AE691C304600F03EFD314620680CF07B
:1014A000B4F9C54642480DF005FC01464048ACE0A1
:1014B00000233A4CC7E901332368E8462BB9384882
:1014C0000DF0F8FB0146364814E007F10C033949EA
:1014D00000933A1D284607F108030DF0D5F9D7E926
:1014E0000221761AB2EB560F08D92F480DF0E2FB15
:1014F00001462D4800F020FCC5467FE7D31D23F0B0
:101500000703ADEB030D02AE2944304600F003FDA6
:101510003246BB68796820680CF035F9002800F085
:10152000A88022480DF0C6FB01462048E2E70023D0
:1015300028463B72FB60204907F10C0307F10802C3
:101540000DF0A2F9FB68012BACD918480DF0B2FBE5
:101550000146164859E00121104B1C684CB9174848
:101560000DF0A8FB0146154800F0E6FBC8E000219D
:10157000F2E720460CF06FF90122114B1A70074B6D
:101580001C682CB90F480DF095FB01460D48EBE7A0
:1015900001220D4B1A7031E7F5000108A801002067
:1015A000380701083C07010845070108CF06010874
:1015B000D706010849070108550701085C0701081B
:1015C0003D1200209B060108AD010020A54E3368A6
:1015D000002B3FF4F2AE9C6AD4B1A34907F1080294
:1015E00028460DF051F90823B968306807F10C025C
:1015F0000CF0E0F8044600283FF4DFAE024607F1A5
:101600000C01284600F05DFC610000F095FBF5E65A
:1016100096480DF04FFB01469448A5E7914E33687C
:10162000002B3FF4CAAEDC6A4CB3914907F10C03BE
:1016300007F1080228460DF027F9F868E846284423
:101640000DF038FB4408E31D23F00703ADEB030D59
:10165000F9680DF1080922462944484600F05BFC70
:1016600023464A46B96830680CF0ADF800287FF789
:1016700026AF80480DF01EFB01467E483AE77D48C4
:101680000DF018FB01467B486EE724B13246FFF7A8
:1016900073FB044634E078480DF00CFB01467648B5
:1016A00062E7704C206848B10122744B1A700CF04C
:1016B0004FF82268724B1A60002323602B78442B6A
:1016C00006D16C480DF0F6FA01466A4800F034FB8A
:1016D000002000F035FA91E6FFF790FC8EE6614DB0
:1016E0002C681CB120460CF0A9F887E6644B1868FA
:1016F0000028CED063490BF081FF28600CF09EF8E3
:1017000020466437BD46BDE8F083564C2368002B65
:101710003FF453AE07F10C0300933A1D07F10803A1
:10172000284659490DF0B0F8D7E90232B61A9E4260
:1017300005D256480DF0BEFA0146544865E779686F
:1017400020682A440CF01FF800283FF4ABAEFCE6FA
:1017500020460DF0AFFAD8F8001002468146284620
:101760000DF090F9044638B9D8F80430A6EB090119
:1017700005EB09009847C3E708F10808D8F80040CE
:10178000002CE5D121468AE7DFF80481F6E74FF027
:10179000000828463F493A1DC7E901880DF074F852
:1017A00001280ED1374978680BF03EFF2D4B1860A9
:1017B00000283FF4CAAE38480DF07CFA014636489E
:1017C00023E70622284635490DF05CF910B9FFF7EA
:1017D00015FC67E60422284631490DF053F900282C
:1017E00040F086804FF0000907F10C0426462B7963
:1017F000DFF8B0803B2B14BF0435053587F80C901B
:101800002B782BB130460DF055FA033052281DD9F4
:101810000022144C244B20681A7058B9184B1868D1
:1018200000283FF492AE17490BF0E8FE2060002834
:101830003FF48BAE31460CF012F820680BF0FEFF3F
:101840001A480DF037FA01461848DEE62B783B2B94
:101850002ED12346202203F8012B013584F8019074
:101860001C46CDE7A8010020600701089C0601087E
:1018700065070108D7060108F50001083D120020A0
:10188000B0010020040000206D0701084507010891
:10189000BC080108790701088707010894070108B7
:1018A0009B070108C52B010864070020A007010859
:1018B0005BB218F8033013F0440FA9D095F901304A
:1018C00018F8033013F0440FA2D002222946204614
:1018D00000F021FB2378202B01D05C2B03D1637017
:1018E0005C2304F8013B84F801900235013487E75A
:1018F0004D49052228460DF0C5F80146F8B96B7927
:101900003F2B05D149480DF0D5F9014647487CE603
:10191000474B186800283FF418AEAB79632B04D00E
:10192000732B0AD0432B7FF469AD0BF094FF012396
:10193000404A1370404A137060E50121F5E72846DC
:101940003E4907F108033A1D0CF09EFF02280FD113
:10195000374C206800283FF430ADD7E901120CF075
:10196000B8F900287FF49EAD20680CF0BAFA24E59F
:101970002846334907F10C033A1D0CF085FF012876
:101980000AD12B4CFA6820680028EDD0B31A796888
:101990002A440CF0FDF9E4E728462A490DF072F9D3
:1019A00038B9234B18680CF09CFA00283FF405ADB9
:1019B00078E5284624490DF065F9044668B9234DB9
:1019C0002B78002B3FF46EAD21480DF073F90146E2
:1019D0001F4800F0B1F92C7010E51E4928460DF0A3
:1019E00051F941461C4810E6114C2368002B3FF486
:1019F000E4AC07F10803194900933A1D07F10C0301
:101A000028460CF041FF2B7839795A2B2068D7E90A
:101A1000023205D10BF041FF0028BFF643AC94E53C
:101A20000BF064FFF8E700BFA4070108AA0701084C
:101A3000A80100203D120020AD010020B8070108D8
:101A4000D0070108E5070108F0070108AC010020F4
:101A50009B060108F9070108F500010809080108BB
:101A600007B51346002200920A4601460248FFF7D6
:101A700007FC03B05DF804FB04000020194B07B518
:101A8000186848B918480DF015F90146164803B012
:101A90005DF804EB00F050B901A90BF0D7FEC8B116
:101AA0000023124A01381370114A1370052816D802
:101AB000DFE800F0030815150B131D210D4800F099
:101AC000A7F907E002210C48F9E70521019A0B4824
:101AD00000F09EF903B05DF804FB0B21F3E705214C
:101AE000F1E700BFA80100209B060108AD0100201E
:101AF0003D120020B51E01081D0801082308010839
:101B000038B5A0F12303012B04460D4603D97D28E7
:101B100001D02A280FD100217D2084F0200404F078
:101B200001FB0021204604F0FDFA2B787D331C4494
:101B3000E4B22C7038BD002104F0F4FA2B78F6E7FB
:101B400038B50446044D28B92B781BB101212B2050
:101B500004F0E8FA2C7038BDB401002070B50546D9
:101B60000C46002604F016FB232810D008D80428C1
:101B70000AD02128F5D0A64211D2A8550136F1E7A6
:101B80002428F8D1012001E02870002070BD002435
:101B900029463046AC5500F091FB2C70F5E700204B
:101BA0002870F3E72DE9F0474FF0000982460F4611
:101BB0004D464E464C46DFF8E08004F0EBFA042C2C
:101BC0005ED8DFE804F0031F2E37420024288AF88D
:101BD000000011D0212812D139465046FFF7BEFF30
:101BE00000269AF80030042B4CD1002301268AF8F5
:101BF00001303046BDE8F08700260120F1E720469D
:101C00002C46EEE7242840D0232841D005447D28E7
:101C1000EDB23FD00AF806000136BE4228BF0024CC
:101C2000CBE7054480F020030AF806300124EDB22A
:101C30000136F2E798F800302BB900F05EF94FEA70
:101C400000195FFA89F90424E7E798F800301BB11E
:101C500000230AF80630CCE700F04FF949EA00000B
:101C60005FFA80F901214D450CBF2B202D2004F097
:101C700059FA98F80040002CEAD14D45CDD1E7E75C
:101C80000024CAE725460446C7E700252E46C4E7D8
:101C90000324C2E70224C0E7B40100202DE9F74F76
:101CA00004460F461546984604264FF0000A0021C8
:101CB00024208DF803A0A14604F034FA07EB040BAE
:101CC000D94527D1A94608EB050BD94529D10021D3
:101CD000232004F027FA9DF80330154A032101A8B8
:101CE0000CF07EFD00219DF8040004F01BFA012198
:101CF0009DF8050004F016FA0E4B1B783BB94FF423
:101D0000FA6004F063FA2B2801D0013ECFD103B072
:101D1000BDE8F08F19F8010B0DF10301FFF7F0FE9C
:101D2000CEE719F8010B0DF10301FFF7E9FECCE74F
:101D30001E080108B40100202DE9F74304460E46B1
:101D400004254FF00008002124208DF80380274649
:101D500004F0E8F906EB04094F4522D100212320C5
:101D600004F0E0F99DF80330114A032101A80CF0BA
:101D700037FD00219DF8040004F0D4F901219DF8FD
:101D8000050004F0CFF90B4B1B783BB94FF4FA6018
:101D900004F01CFA2B2801D0013DD4D103B0BDE8DA
:101DA000F08317F8010B0DF10301FFF7A9FED3E74C
:101DB0001E080108B401002037B50D460021044675
:101DC00025208DF8031004F0ADF92544AC4216D15E
:101DD0000021232004F0A6F99DF803300B4A0321CB
:101DE00001A80CF0FDFC9DF80400002104F09AF914
:101DF00001219DF8050004F095F903B030BD14F8F9
:101E0000010B0DF10301FFF77BFEDFE71E08010860
:101E10000FB407B504AA52F8041B01A800920CF0F5
:101E2000BBFD011E02DD0198FFF786FF01980CF053
:101E300041FA03B05DF804EB04B07047F8B506460C
:101E40000CF038FF47000546791C01200CF00EFA13
:101E5000044670B12A46314600F033F83B4622462C
:101E600004480121FFF71AFF2046BDE8F8400CF0B6
:101E700021BAF8BD1409010807B50A46014601A8B0
:101E80000CF08AFD002805DB0198FFF7D7FF0198C9
:101E90000CF010FA03B05DF804FB0FB407B504A909
:101EA00051F8040B0191FFF7E7FF03B05DF804EB75
:101EB00004B07047092884BF0730C0B23030C0B2C8
:101EC000704738B5034604468D18A94204F1020450
:101ED00004D10021184603F8121038BD0878000913
:101EE000FFF7E8FF04F8020C11F8010B00F00F00F7
:101EF000FFF7E0FF04F8010CE7E7A0F1300302462A
:101F0000D8B2092806D9A2F13703D8B2102884BF65
:101F1000573AD0B27047F8B5044606468518AE4227
:101F200001F1020101D12046F8BD11F8020CFFF7C2
:101F3000E4FF074611F8010CFFF7DFFF40EA071046
:101F400006F8010BEBE7000070B504F087FA2B4AA6
:101F50001368C31A352B2FD9294E1060D6F8082CD8
:101F6000284BD2041D7843D435BB01221A70264B6E
:101F70001C78944221D0022C26D0ECB920461A704D
:101F800002F0E8FE4FF40073022203211F4801F023
:101F900080FE022221461D484FF4806301F079FE45
:101FA0004FF48063C6F8103803F05EFA184801F069
:101FB00000FE4023C6F8103C70BD02221A70204675
:101FC000BDE8704002F0C6BE28461D7002F0C2FE99
:101FD0000F4801F0F3FD03F047FA4FF4C0632A46BF
:101FE00029460A4801F055FE40220A4B9A82E3E74F
:101FF000002DE1D000221A70DEE700BFBC050020F2
:1020000000000140B5010020400000200008014010
:1020100000380140000C014000487047B801002022
:1020200070B59CB002F060FF4022374BC3F8102C13
:10203000002301934FF0FF330393344B04A81A6835
:102040001B9201AA1A600CF00FFE20B92F4C2268D7
:1020500001AB9A4211D0019B002BE9D02C4C2046B9
:102060000CF028FE01462046FFF766FE0BF052FA00
:1020700002992848FFF711FFDAE72022264B274D67
:10208000274E9A822B7833B1264B1B681BB1FFF782
:10209000F5FC2B78EBB920221B4B234DC3F8102CF9
:1020A0004FF480612846FFF77DFD2B780246042B14
:1020B00002D11C4B1B6813B12021174B99824FF49E
:1020C00080611948FFF7CCFCFFF73EFF1B9B2360A4
:1020D000BDE7144B1B68002BDDD0002004F076F820
:1020E0000338C0B2012804D933783BB9FFF72CFF7D
:1020F000C8E70C4B18680BF0A5FBF5E7094B18680F
:1021000000F09EFCF2E700BF00000140A4010020A7
:102110003807010816090108000C0140AD01002034
:1021200060070020A8010020B801002028B1B0FA03
:1021300080F0C0F12000C0B27047FF2070472DE949
:10214000FF4104466F460021262015461E4603F037
:10215000E9FF2046002103F0E5FF0024B84655EAD8
:10216000060305D194B9302301248DF800300DE029
:1021700005F00F00FFF79EFE01342D09102C45EAF3
:10218000067507F8010B4FEA1616E8D1013C00214D
:1021900018F8040003F0C6FF002CF7D1012123201A
:1021A00004B0BDE8F04103F0BDBF38B504460021DE
:1021B000262003F0B7FF00214B2003F0B3FF204699
:1021C0000CF078FD2518AC4205D1BDE8384001215E
:1021D000232003F0A7BF14F8010B0021212803D00E
:1021E000A0F12303012B00D8202003F09BFFEAE796
:1021F00037B504460D462620002103F093FF002149
:102200004B2003F08FFF00232544ADF80430AC428F
:1022100006D10121232003B0BDE8304003F082BF86
:102220000122214601A8FFF74CFE00219DF8040081
:1022300003F078FF00219DF8050003F073FF0134DF
:10224000E5E70000084A92F82D2032B1002345202E
:10225000120242F00302FFF772BF08B1FFF7C8BFD6
:10226000002200234B20F6E74400002070B50E1832
:1022700000200C460146A64200D170BD14F8015B57
:10228000A5F13002D3B2092B04D925F02003413B3C
:10229000052BF2D80B01392D43EA10734FEA0010D9
:1022A00007D9A5F16102192A94BFA5F15702A5F13A
:1022B0003702104343EAE271DDE700002DE9F04FF9
:1022C0000B78B7B04A2BCDE9021010D8402B19D9A2
:1022D000413B092B16D8DFE813F0C30115001500A8
:1022E0001500150015000001480115007000532B62
:1022F00008D1029B5B78532B19D005D8492B2BD0E2
:102300004F2B49D00122BFE0692B3AD06F2BF9D176
:10231000029B0220991CFFF7A9FF029B0446191D8E
:102320004FF0FF30FFF7A2FF9E4B9B6842E0039BFC
:10233000022B40F0A8809C4B9C4A5A609C4A9A60B1
:102340009C4ADA609C4A1A619C4A5A619C4A9A618A
:1023500003F0BCFC00221DE0029902200231FFF7CD
:1023600085FF00248F4B01465B68059405A89847BC
:10237000A042234614BF50204B20059AFFF7DFFEF2
:10238000CFE0029902200231FFF770FF854B1B68F6
:1023900098470246002339E0029B0220991CFFF770
:1023A00065FF029B0446191D4FF0FF30FFF75EFFEB
:1023B0007C4BDB6821469847CCE7029B5C78542C29
:1023C0003CD84D2C24D8442C9CD1039B042B5AD9A7
:1023D000029B0220991CFFF749FF029B0546191D2D
:1023E0004FF0FF30FFF742FF00220023CDE90C231E
:1023F000744BCDE90A01DE682B46A4F1440569421D
:102400000AAA69410CA8B047DDE90C234B20B5E7C7
:102410004E3C062C3FF676AF01A353F824F000BFE4
:10242000B724000805230008052300080523000839
:1024300063240008452400086B240008632C27D07F
:10244000642CC1E70022584BC3E901225E4ADA60DE
:102450005E4A1A615E4A5A615E4A9A6103F07EFAE8
:1024600078E7584B1B68984774E7029B0220991C39
:10247000FFF7FCFE029B0446191D0220FFF7F6FE43
:10248000039B032B02D8022200230CE14D4B4CE7A7
:10249000029B0820191DFFF7E9FE029B0246D9782E
:1024A00098783039474B18BF0121303818BF0120C8
:1024B0005B6998474EE7039B042BE4D1029BD978D4
:1024C0009878A1F131025142A0F131043D4B5141C4
:1024D00060425B68604198475BE7029B5B78562BE4
:1024E00028D00FD8462B33D005D8412B3BD0452BD5
:1024F0003FF430AF06E7502B7FF404AF00220023F7
:102500004E203BE7702B2BD00ED85A2B17D0662BC2
:102510007FF4F8AE03F0C4FF0421069006A8FFF78D
:1025200067FE37B0BDE8F08F7A2B7FF4EBAE02F098
:10253000FFFB2EE702F094FCFFF737FEF1E7029B6A
:102540009878A0F131035842584102F0D5FB01E7D9
:10255000029908200231FFF789FE03F085FFF9E6B2
:1025600002F0EEFB15E71C48E6E720221B4B9A829F
:10257000029B5B78432B03D04A2B0BD001220DE04A
:10258000032200234B20FFF7DAFD2022144BC3F86F
:10259000102CC6E7039B152B24D8022200234520CC
:1025A000F1E700BF780E0020440000209574000879
:1025B000D1740008D5730008FB7300080975000882
:1025C0008D730008580E002099720008B972000837
:1025D0000D720008E571000821FC0008000C0140A4
:1025E00000000140102200210EA80CF009FA029B05
:1025F0000220991CFFF73AFE029B0446191D022097
:10260000FFF734FE029B8DF84000991D0220FFF772
:102610002DFE029B8DF8410003F108010220FFF717
:1026200025FE029B8DF8420003F10A010220FFF70C
:102630001DFE029B8DF8430003F10C010220FFF701
:1026400015FE029B8DF8440003F10E010820FFF7F0
:102650000DFE0EA90F90E0B206F0FEFD002290E7FD
:102660001BAC6C22002120460CF0CAF900231B93FE
:102670004FF0FF331D937F4B1EA81A681C603592E4
:102680000CF0F2FA30B97B4E7B4C7C4F32681BABBE
:102690009A420AD01B9B002B3FF443AF1B9B1A02AC
:1026A00042F004021B0E452068E6039B072B07D867
:1026B000002200235020FFF742FD359B3360E5E701
:1026C000029B0220991CFFF7D1FD029B84F82C008D
:1026D000191D0220FFF7CAFD20235FFA80F98DF84B
:1026E00050901394BB82029B5B78612B56D00AD822
:1026F0004D2B00F08280522B39D0412B5BD0012230
:10270000002345201DE0642B1ED06D2BF7D1029BCA
:102710000820991DFFF7AAFD029B179003F10E01F7
:102720000820FFF7A3FD029B814603F11601082054
:10273000FFF79CFDB0F5806F054650D900220023BD
:102740005020FFF7FCFC0DE0029B0420991DFFF7D1
:102750008DFDE36881B2204698470421079007A8C1
:10276000FFF770FD2022464BC3F8102CA5E7029B13
:102770000420991DFFF77AFD029B804603F10A01B0
:102780000820FFF773FD49460346656920461FFA96
:1027900088F2A8470421089008A8E1E7029B0420DA
:1027A000991DFFF763FDE36981B212A898470421E0
:1027B000099009A8D4E7029B0420991DFFF756FD54
:1027C000029B054603F10A010820FFF74FFD236A2B
:1027D0000246A9B212A8984700210846C0E7FFF7B1
:1027E0001BFC8046139B0146D3F824A012A82B465D
:1027F0004A46D04729464046B2E7029B0820991D29
:10280000FFF734FD029B179003F10E010220FFF742
:102810002DFD029B824603F110010820FFF726FDE3
:10282000029B814603F118010820FFF71FFDB0F558
:10283000806F804682D84FF0FF355FFA8AFA05FA3A
:102840000AF530EA05057FF479AFFFF7E5FB83462B
:10285000029B424603F12001FFF75DFB139BCDF87D
:1028600000A0D3F828A05A464346494612A8D047AC
:10287000B2E700BFA401002044000020000C01408A
:1028800000000140000000002DE9F04F0027A5B036
:1028900081460C4616460021902268460CF0B0F89E
:1028A000BB46B44217D2A6EB0408B8F1800F28BF8C
:1028B0004FF08008102220A968460CF0EDF943463D
:1028C0002246484604A90AF055FF054628B121468C
:1028D0001F48FFF7E2FA00202EE0EA461AA3D3E9E8
:1028E00000231AF8010B1B49A0FB01010BF022FB8E
:1028F0001949881A63EB4301C0194BEB010112A37C
:10290000D3E900230BF016FB19029AF80F3041EAC5
:1029100012611202D01841F100010BA3D3E9002388
:102920000BF008FB0D491746002B08BF8A429B4657
:1029300005D1A4F10F00284425B0BDE8F08F013582
:10294000A845CBD18034ACE791967A79000000009D
:102950002E090108017DB07391967A79CD1041441A
:102960002DE9F04F8246A3B020480C4617460CF0E4
:10297000A1F9431E3F2B064603D9002023B0BDE832
:10298000F08FA0F17F03DFF868B00093A7EB040895
:10299000BC42F2D2B8F1800FC14628BF4FF0800987
:1029A00022464B46504602A90AF0E4FE0546D8B13D
:1029B00021465846FFF771FAC6F17F031C44009B7D
:1029C0009844E5E701355A199145F5D9019305F188
:1029D00008030DEB0300324604490CF053F8019B49
:1029E0000028EFD16019C9E7731CECE766070020E7
:1029F0002E0901082DE9F04102F003071D46FB18DE
:102A00009E0718BF04330C4622F0030118BF23F0C1
:102A100003038A4206D1AB4204D12146BDE8F0410E
:102A20000AF0A8BE0A4621460AF0A4FE06462A4637
:102A30002046E1190BF0CAFF3046BDE8F0810000E6
:102A40002DE9F04F05468DB0002800F03682DFF802
:102A5000508198F80030002B00F02F8203F0FEFC2C
:102A6000504E514F32683B6800901344834202D964
:102A7000824240F222824D4CDFF83491237823B910
:102A800028460AF089FE89F8000099F80030002BEA
:102A90004AD1002301932378002B40F0CF80454A90
:102AA000336012683A60444A136098F80020002AA4
:102AB00036D0424E3360424B1B78002B58D1D5F8AC
:102AC0006C90404FB9F1000F41D1326822B3082316
:102AD0002846103206A90AF04DFEE8B9069BDFF839
:102AE000E890102B88BF1023C9F80030D9F80030C7
:102AF000079A364F3A601A44102A84BFC3F1100275
:102B00003A60FF2B02D83A68FF2A40D93048FFF7D5
:102B100095F9002388F800302378002B40F08E8050
:102B20004FF0000A56462FE1284605A90AF08EFE0E
:102B30000028AED128460AF085FE284605A90AF0ED
:102B400085FE0028F9D0811E4B424B41A2E73B781D
:102B5000D9E9001228460A443BB9FFF795FE3060D8
:102B60000028B2D1D9F80890ACE7FFF7F9FEF6E7F4
:102B7000184B28461968184B1A68124B1B781BB95A
:102B8000FFF782FE3060A0E7FFF7EAFEFAE753EABC
:102B9000020A25D11148FFF751F988F800A0BBE7D8
:102BA00060070020C0050020C80500206407002041
:102BB000650700208C000020C4050020CC05002003
:102BC00062070020660700207C07002078070020AD
:102BD0004809010884070020800700205A090108DD
:102BE0004FF4C07200219B480BF00AFF9A4B1B78F0
:102BF000CBB10023994918460A460133102B01F83E
:102C0000010BFAD1D9F80030191E18BF0121012B90
:102C1000117094BF002101210F2B517003D8396826
:102C200009B10121D1541823284632688C490AF091
:102C3000A1FD00287FF470AF012323701823894F72
:102C400028463A680DEB03010AF094FD30B91822CA
:102C500083480DEB02010BF0A9FE08B1002323709D
:102C60002678002E3FF45CAF3A68002A3FF458AF54
:102C7000DFF8F4B17D4BDBF800101B6828460B44ED
:102C800018214B430A4473490AF074FD002874D19B
:102C9000804682460646714B6E4C0293734B1A680F
:102CA000DBF80030134443456ED9029B13F8019BB7
:102CB0000293B9F1000F5CD0424540F28180616817
:102CC000002956D0A768002F53D0E3689F4240F2F6
:102CD000AA802269974240F2A680934249D06BD2E3
:102CE000BF1AB7F5806F28BF4FF480670A443B4690
:102CF00028465F49FFF77EFE002840F09480236954
:102D0000A2683B44B3FBF2F002FB1033C7F58061CD
:102D10002361D4E90332934218D9B9B19B1A8B428B
:102D200028BF0B46616828460A4451490393394439
:102D3000FFF760FE002876D12269039B1F441344ED
:102D4000A268B3FBF2F102FB113323611820454B5B
:102D500004F1100219680423283100FB08112846E9
:102D60000AF011FD00285ED13946414803F0E4FA2B
:102D7000CA4608F10108183490E739683D4818310F
:102D8000FFF78BF84FF0000A019B1BB1002128468A
:102D90000AF061FD384B009A1A60384A1368BAF19C
:102DA000000F55D0002E53D15B08354913600968D8
:102DB00099426BD211606DE000274FF48061A8E763
:102DC00063693049B3FA83F252090A709A1E53427A
:102DD00053412D4A137003F0A3FA0028C9D1636848
:102DE000002BC6D0A368002BC3D0E26893421AD947
:102DF0002269934217D9E768A3680137B7FBF3F25A
:102E000003FB127723699F4211D003F065FA069005
:102E100001300CD06068E1680123014406AA28460D
:102E20000AF0B1FC08B14E46A3E7E760E3E71820DB
:102E30000C4B04F10C0219680423243100FB081127
:102E400028460AF0A0FC002814BF4E46CA4690E768
:102E50005B00AAE7D0050020840000205007002076
:102E600088070020CC050020780700207C07002080
:102E7000A00700202E090108C0050020C805002079
:102E80008C00002063070020610700200C490968BE
:102E900099428FD88EB10B48FEF7D0FF0A4A1368CB
:102EA00001331360094A12683AB1934205D90848C0
:102EB000FEF7C4FF0022074B1A700DB0BDE8F08F7B
:102EC000900000206E090108C40500208800002041
:102ED0007909010860070020024B0360024B0B6078
:102EE000704700BF481600200030002070B50A4E21
:102EF000054633680C461BB931460848FFF7ECFF1E
:102F0000064A3168106804448C4283BF0C234FF09A
:102F1000FF302B60146070BDAC0B0020A80B0020AC
:102F2000FEE738B504460D4603F098FA012D2CBF94
:102F300040190130206038BD10B5044603F08EFA08
:102F40002368984294BF0020012010BD012243094C
:102F50009B0003F1604300F01F0003F561438240D2
:102F60001A60704701234109034A00F01F008340A3
:102F700042F82130704700BF80E100E0432893BF52
:102F800000F16040044B00F00F0000F564408CBF7E
:102F9000C1540170704700BF14ED00E04FF0E02312
:102FA000014AC3F80C2DFEE70100FA054FF0E023BB
:102FB00020F07F40586170474FF0E022136900F025
:102FC000040023F004030343136170474FF0E02231
:102FD000136943F00203136170474FF0E022136955
:102FE00043F0010313617047FEE7704738B51A4A92
:102FF0001A4B1B498B421AD300211A4A93421BD306
:103000004FF0E022D2F8143D174C43F40073174DF3
:10301000C2F8143DAC4212D3154C164DAC4212D33B
:10302000FEF7FEFF144C154DAC4210D338BD52F8DC
:10303000040B43F8040BDDE743F8041BDEE754F808
:10304000043B9847E6E754F8043B9847E6E754F812
:10305000043B9847E8E700BF242D0108000000204A
:103060009C010020481600201C2D01081C2D010881
:103070001C2D01081C2D01081C2D01081C2D010808
:1030800008B540F2973000F0B1F90022064B07482E
:10309000C3F8402CC3F8502CC3F8442C4FF41C4206
:1030A000C3F8402C08BD00BF00500040B00B00200A
:1030B0000132521001EB4202914200D1704731F8C7
:1030C000023B40F8043BF7E7034670B502F0010409
:1030D000520801EB8205A94204D114B10B7800F823
:1030E000123070BD31F8046B23F8026BF3E783688C
:1030F00023F0010383607047436823F480734360C7
:103100007047836823F40063836070470068C0F3EE
:1031100040007047C06C7047836823F002038360EF
:1031200070471029F0B510D800246FF03B064FF01F
:10313000010C274623465FFA8CF5A94206D20139D5
:1031400043EA0153C36207634463F0BD062D0AD806
:10315000157806F13C0E05FA0EF52C430CF1010C26
:1031600001320536E7E7073D052D15789BBF06F1CF
:103170001E0E05FA0EF5B5402F4388BF2B43EDE731
:1031800014230022013903FB01039A60DA601A61FB
:103190005A610F23426889008B4013434360704794
:1031A000013989008A40426070471423013959432C
:1031B00008300B5823F440530B500B5813430B505B
:1031C000704714230139594308300B5823F44063E6
:1031D0000B500B5813430B507047142301395943BC
:1031E00008300B5823F440730B500B5813430B500B
:1031F000704714230139594308300B5843F08003BA
:103200000B50704714230139594308300B5843F0D1
:1032100020030B500B5823F480430B5070471423AA
:103220000139594308300B5823F010030B507047F5
:1032300014230139594308300B5843F010030B5045
:10324000704714230139594308300B5843F00403E5
:103250000B50704714230139594308300B5843F081
:1032600002030B50704714230139594308300B589F
:1032700043F001030B5070471423013959430830C0
:103280000B5823F001030B5070471423013903FB43
:1032900001008368DB0758BF0261704714230139BE
:1032A00003FB01008368DB0758BF426170471423AA
:1032B000013959430C30085880B270471423013942
:1032C00059430C300A50704701290FD0022918D0F9
:1032D00059B90E4BD3F808240243C3F80824D3F895
:1032E0000C2422EA0002C3F80C247047074BD3F8E1
:1032F000082422EA0002C3F80824D3F80C2402436D
:10330000F1E7024BD3F808240243F4E70000014040
:10331000054BD3F800240243C3F80024D3F8042457
:103320000243C3F80424704700000140014BC3F876
:1033300014047047000001402DE9F04F844600223C
:103340004FF0010E0F271E4EDFF87880DFF87890DF
:10335000DFF878A00EFA02F313EA0C0F19D01C4B19
:10336000994225D01AD8414524D0494524D0A1EB13
:103370000A004342434106EB9204A40002F0030515
:103380002068AD0007FA05FB20EA0B00AB401843AC
:1033900020600132102ADDD1BDE8F08F0D4B99423B
:1033A0000CD003F5806399420CBF06230023E2E7AB
:1033B0000423E0E70223DEE70323DCE70523DAE763
:1033C000024000100010014000140140000C0140B8
:1033D00000180140001C0140034A136823F0070352
:1033E00003431360704700BF0020024001224309DD
:1033F00003F1804303F50433196800F01F00824095
:103400000A431A6070470000024B41F08001C3F884
:103410004C1C7047005000403E2A14D9013AC2F3B8
:10342000441302F4787202F1200043F02003094AA9
:103430009B02D2F8502C9BB292B202EBC101064A19
:103440004900535070470132530822F0010290B2F4
:10345000EDE700BF005000400C6000402DE9F34153
:1034600006464FF0C060444C01F07F08CDE90040B3
:103470004FEA880404F1804404F5B844206802ADA2
:1034800020F4E04020F07F0040EA080080B2206095
:10349000206805EB420232F8082C20F4EC4020F0C2
:1034A0007000104349B280B20029089F20604FEAA3
:1034B000C8022ADBB8F1000F27D03049B58BD1F80C
:1034C000501C304689B20A442D4952008D501A468C
:1034D0004146FFF7A1FF002F47D12368054423F49D
:1034E000415323F030031B041B0C2360236823F497
:1034F000804323F070039BB283F4405343F40043B2
:1035000043F080032360B5832CE01C48B6F81CC050
:10351000D0F8500C80B21044400000F1804000F51B
:10352000C040C0F800C01FB10C2000FB08608767D6
:1035300020689C4420F4E04020F030000004000C9F
:1035400020602568002925F4E04525F04005ADB24E
:1035500085F0200545F4004545F080052560A6F876
:103560001CC0AADA02B0BDE8F0810C2303FB086896
:10357000C8F87C70B1E700BF0002000400500040B2
:103580000860004048F2800170B50B4A0B4E0C4DAC
:103590000C4C136833400B439BB2136013682B40F1
:1035A0000B439BB242F8043BA242F2D10368DB79A1
:1035B00020335B00838370BD045C0040BF8FFFFF3E
:1035C0008FBFFFFF205C004010B599BB002A14BFDD
:1035D000102420242A48D0F8003C23F4E04323F0B0
:1035E00040039BB2634043F4004343F08003C0F8C0
:1035F000003C890001F1804101F5B8413AB90B68FE
:1036000023F4415323F030031B041B0C0B60002AEE
:1036100014BF4FF480524FF440520B6823F48043A0
:1036200023F070039BB2534043F4004343F0800304
:103630000B6023E00B06DCD5002A14BF10222022E9
:1036400001F07F034FEA830303F1804303F5B8439E
:10365000196821F4E04121F0400189B282EA0102B7
:1036600042F4004242F080021A6007D11A6822F444
:10367000E04222F030021204120C1A6010BD00BFAA
:10368000005000400B060ED501F07F01890001F1CA
:10369000804101F5B841086800F03000102814BFDF
:1036A000002001207047890001F1804101F5B841F7
:1036B000086800F44050B0F5805FF0E70B0612D4C4
:1036C0000B4B0C485A54890001F1804101F5B84177
:1036D0000B6803409BB23AB183F4005343F40043B8
:1036E00043F080030B60704783F44053F6E700BF5C
:1036F000C40C00208FBFFFFF08462DE9F0411E4695
:1037000000F07F039D0005F1804505F5B8451146A1
:103710002A6802F03002302A2CD0DFF85C80324672
:10372000D8F8504CDF00A4B204EBC304640004F1E9
:10373000804404F5C0442088400000F1804000F53A
:10374000C040FFF7B5FCD8F8503C9BB21F440B4B70
:103750007F00DE51296821F4E04121F0400189B267
:1037600081F0300141F4004141F080012960304690
:10377000BDE8F0810026FAE70050004004600040F8
:10378000F8B58D0005F1804505F5B8451C462B6858
:103790000E4603F44053B3F5405F10463FD0214F2F
:1037A000CA00D7F8503C9BB203EBC1031E495B0033
:1037B000CB58C3F30903A34207DAD7F8503C9BB2B6
:1037C00013445B00CC58C4F30904164BD3F8503CA7
:1037D0009BB21A44154B5200995A2246490001F1F6
:1037E000804101F5C041FFF76FFC2B6823F0F00327
:1037F0001B051B0D43F080032B600D4B9B5D63B9D4
:10380000296821F4804121F0700189B281F440518E
:1038100041F4004141F0800129602046F8BD0024B8
:10382000FBE700BF005000400C6000400860004013
:10383000C40C00203B4AF8B5D2F8443C04465F056E
:103840009EB209D54FF6FF33C2F8443C4023838330
:10385000BDE8F84000F0F9BB1D041ED503F00F07CA
:10386000BD0005F1804513F0100305F5B8453DD0C6
:103870002B68190543D50823394600F13402FFF7B8
:103880007FFF022307EB470213441E3354F8233013
:10389000002B36D0394620469847320507D54FF2DF
:1038A000FF72204BC3F8442C636A03B19847F304BA
:1038B00007D54EF6FF721B4BC3F8442CA36A03B125
:1038C000984716F4007FE36A164D05D04FF6FF5275
:1038D000C5F8442CF3B19847E36ADBB1114AD2F83A
:1038E000403C43F40073C2F8403CF8BD2A6822F023
:1038F000F0021205120D42F400422A60C2E70123D1
:10390000C0E72B6823F0F0031B051B0D43F0800379
:103910002B60C2E7D5F8403C23F40073C5F8403C67
:10392000E3E700BF00500040C3680B43C36070472B
:10393000C36823EA0103C360704703690B4214BFE5
:10394000012000207047C9430161704710B5046829
:103950001A4324F45C740A432243026010BD0368D6
:1039600023F0080303607047036843F00403036017
:103970007047036843F0010303607047C1627047FA
:10398000C36923F00303C361C369C361C36923F03F
:103990007003C361072907D8DFE801F004070B0FA4
:1039A00013171B1FC369C3617047C36943F010033A
:1039B000F9E7C36943F02003F5E7C36943F0300337
:1039C000F1E7C36943F04003EDE7C36943F05003F7
:1039D000E9E7C36943F06003E5E7C36943F07003B7
:1039E000E1E7062909D8DFE801F0041509190D1DE2
:1039F0001100036A43F0020303627047036A43F055
:103A00002003F9E7036A43F40073F5E7036A43F41C
:103A10000053F1E7036A43F00803EDE7036A43F05C
:103A20008003E9E7036A43F40063E5E7062909D860
:103A3000DFE801F0041509190D1D1100036A43F0B8
:103A4000010303627047036A43F01003F9E7036A56
:103A500043F48073F5E7036A43F48053F1E7036AA4
:103A600043F00403EDE7036A43F04003E9E7036A28
:103A700043F48063E5E706290CD8DFE801F0040B86
:103A8000060B080B0A004263704782637047C263EB
:103A9000704702647047436C43F4004343647047CB
:103AA000436C0B4343647047FFF7FABF01F0FD031B
:103AB000012B02F0030204D1531E012B98BF82F0A8
:103AC000030203291AD8DFE801F0020A121A8369F7
:103AD00023F0030383618369134383617047836920
:103AE00023F440738361836943EA0223F5E7C369E2
:103AF00023F00303C361C3691343C3617047C36900
:103B000023F44073C361C36943EA0223F5E7012349
:103B1000026A89008B40134303627047836823F075
:103B2000070383608368194381607047836823F0CB
:103B300070038360836819438160704738B50C4611
:103B4000054600F031FA00EB5403B3FBF4F3AB602D
:103B500038BDC36808290CBF23F4805343F4805355
:103B6000C3607047C36813F4805F14BF0920082046
:103B70007047036923F440530B43036170470069A6
:103B800000F440507047C36823F4C0630B43C36024
:103B90007047C06800F4C0607047C36823F00C032E
:103BA0000B43C3607047436923F440730B43436185
:103BB0007047C36843F40053C3607047C36823F47D
:103BC0000053C3607047436943F04003436170474B
:103BD000436943F08003436170474068C0F30800C5
:103BE000704703680B4214BF0120002070478368B0
:103BF000DB075EBF836843F001038360704783681F
:103C0000DB0742BF836843F0010383607047000015
:103C1000034AD2F8083443F40003C2F8083470476A
:103C200000200140836823F4801383607047836819
:103C300000F1080243F00803836013681B07FCD4FB
:103C40007047836843F00403836070478068C0F363
:103C50008000704708B50246FFF7F3FF1046FFF7F4
:103C6000F5FF0028FAD108BD0022134610B501FA6D
:103C700002F403321E2A43EA0403F8D1002203614E
:103C800001FA02F40332182A43EA0403F8D1C360AC
:103C900010BD2DE9F0414FF00F0C00250768466874
:103CA00043FA05F4E4071CD5072D94BFBE46B6467B
:103CB000ACB24FEA84048ABF203CA4B2A4B20CFA8E
:103CC00004F82EEA080804F1020E02FA0EFE01FAC8
:103CD00004F44EEA040444EA0804082D2CBF2646E6
:103CE00027460135102DDBD107604660BDE8F08125
:103CF000034A536823F0E0630B4303435360704768
:103D000000000140062824D8DFE800F004090E1363
:103D1000181D2000104B1868C0F3406070470E4B10
:103D20001868C0F3C06070470B4B1868C0F3407050
:103D30007047094B1868C0F340407047064B18683D
:103D4000C0F340007047044B186AF9E7024B586A09
:103D5000F6E70020704700BF00100240024608B599
:103D60001046FFF7CFFF0028FAD008BD06282AD852
:103D7000DFE800F0040A0F14191E2400124A136829
:103D800043F08073136070470F4A136843F08063F9
:103D9000F8E70D4A136843F08053F3E70A4A1368C3
:103DA00043F48033EEE7084A136843F00103E9E780
:103DB000054A136A43F0010313627047024A536ACB
:103DC00043F001035362704700100240034A5368F6
:103DD00023F0030303435360704700BF0010024009
:103DE000034A536823F4701343EA804353607047D7
:103DF00000100240034AD36A23F4706343EA0023AD
:103E0000D362704700100240034AD36A23F4704320
:103E100043EA0033D362704700100240034A5368FC
:103E200023F4803343EA004353607047001002409C
:103E3000034A536823F4003343EA40435360704716
:103E400000100240034A536823F4404343EA80339E
:103E50005360704700100240034A536823F46053D4
:103E600043EAC0235360704700100240034A53687E
:103E700023F4E06343EA00235360704700100240DC
:103E8000034A536823F0F00343EA0013536070477A
:103E900000100240044B5A6818B142F480025A6084
:103EA000704722F48002FAE700100240034AD36A06
:103EB00023F00F030343D362704700BF001002409A
:103EC000034AD36A23F0F00343EA0013D362704736
:103ED00000100240044BDA6A18B142F48032DA6210
:103EE000704722F48032FAE70010024010B5044611
:103EF0004378012B0CBF03200420FFF737FFFFF7A7
:103F00002DFFA078FFF7BCFFE078FFF7AFFF207927
:103F1000FFF7A2FF6079FFF795FF207BFFF7BAFF5D
:103F2000A079FFF759FA2078FFF75AFF6078FFF77A
:103F300075FFE07901282DD9FFF7B8FF207A08B185
:103F4000FFF7C8FF607A08B1FFF7BAFFA07A30B177
:103F5000FFF750FF0120FFF709FFFFF7FFFEE07AB0
:103F600030B1FFF751FF0220FFF700FFFFF7F6FE29
:103F70000020FFF7FBFEFFF7F1FE0220FFF726FF10
:103F80002269064B1A606269054B1A60A269054BEB
:103F90001A6010BDFFF74CFFD0E700BF940000206F
:103FA000980000209C000020034B98420CBF034B5C
:103FB000034B1868704700BF003801409C00002088
:103FC00098000020022389008B401AB1026A134333
:103FD00003627047026A22EA0303F9E72DE9F04120
:103FE0001E4603681746054688469847069B079A6B
:103FF000036100234261BDF82020C0E900870283ED
:10400000084AC0E93C33C0F88020074AC0E936338B
:10401000C267064AC0E93833C0F8EC50C660826710
:10402000BDE8F0817D420008DF42000863430008DC
:1040300081607047D0F8EC305B6A184710B4D0F854
:10404000EC40A468A44610BC604737B50025044680
:1040500003684583DB792A4629460095FFF7EEFF82
:10406000D4F8EC3029465B6820469847236A1BB198
:1040700003B0BDE83040184703B030BD10B4D0F8ED
:10408000EC40E469A44610BC604710B4D0F8EC40A2
:10409000246AA44610BC6047D0F8EC301B6918476E
:1040A000D0F8EC309B691847D0F8EC305B691847C2
:1040B00010B50268B0F84030D17904468B42C26B2B
:1040C00011D90B460021FFF7D9FF022384F83030C5
:1040D0002368DA79E36B1344E363B4F840309B1A46
:1040E000A4F8403010BD0021FFF7C8FF94F8483015
:1040F000C3F1030384F83030002384F84830A4F877
:104100004030E363EEE72DE9F74F04460D460646DF
:1041100000F1200A00F13C0700F1400800F14409D9
:10412000D6F858B0BBF1000F0AD1A36803BB4346D1
:104130003A462946204603B0BDE8F04F00F0B4BD32
:104140002B7896F85D1096F85C200B409A4203D0CD
:104150000836B245E4D1E8E743463A4629462046C8
:10416000CDF80090D8470128F2D803B0BDE8F08F11
:10417000E66C002EDBD02B7803F07F03402BD6D1EA
:1041800043463A4629462046B0470128CFD8ECE7B7
:1041900010B5012200210446FFF77EFF002384F8BA
:1041A000303010BD70B50368B0F84020448FDB7923
:1041B000A41A9C42A8BF1C46C16BA6B20A4433464F
:1041C00000210546FFF761FF864205D02846FFF72C
:1041D000DFFF4FF0FF3070BDB5F84030A0B21E4495
:1041E000A5F84060F7E738B543690446C3638B79A7
:1041F000CA790D4643EA0223A0F84030FFF783FF57
:1042000008B3EB88B3B1B4F8402021689342C97970
:104210000ED932B1B2FBF1F301FB1322B2FA82F2F2
:104220005209204684F84820BDE83840FFF740BFD7
:104230000022F6E71A4619462046FFF71FFF04231F
:1042400084F8303038BD2046BDE83840FFF7A0BFC5
:1042500070B50446002500F1580656F8350028B11F
:104260000135042DF9D14FF0FF3070BD04EBC504CA
:1042700084F85C1084F85D20A365F6E770B500252E
:10428000044601222946456400F13406FFF70CFF7D
:10429000628F2AB931462046BDE87040FFF7A3BFC0
:1042A00094F93430002BF5DB238B934204D2204663
:1042B000BDE87040FFF76CBF6369A4F84050E3634A
:1042C00023682946DB792046934234BF0523062321
:1042D0002A4684F83030BDE87040FFF7E5BE10B5DF
:1042E00090F830300446062B13D0072B28D0052B2E
:1042F00022D1FFF757FF00280ADBB4F84020638F74
:104300009B1A2268D279934202DC062384F830306B
:1043100010BDFFF747FF0028FADB204604F1340107
:10432000FFF7F1FE38B1002320461A461946FFF781
:10433000A5FE0423EAE72046BDE81040FFF728BFAA
:1043400000231A461946FFF7A0FE002384F83030F8
:10435000636C1BB1204604F1340198470023636469
:10436000D6E710B590F830300446032B07D0042B65
:104370000ED0022B23D1BDE81040FFF799BE0723D2
:10438000002280F830301146BDE81040FFF78CBEA7
:10439000436C13B100F13401984794F8343053B9A9
:1043A00094F83530052B06D1E18ED4F8EC30204658
:1043B0005B68C9B29847002384F8303010BDBDE86F
:1043C0001040FFF7E5BE2DE9F04F91B00C938B88BC
:1043D000072B07D0B3F1080018BF0120400011B02F
:1043E000BDE8F08F4B8823B990F85450046DAB4270
:1043F00001D30020F3E7A0464E7898F80A701034F5
:10440000B74240F004814369B8F800700693136026
:104410000C9B41461C880698A74228BF27463A466F
:10442000E41B0AF039FCA3B20293B8F800300993F8
:1044300000230193019A98F80B309A4206D3069B09
:10444000099A01201A810C9B1F80C8E7D8F80C50EC
:10445000019BDDF808A01C0105EB03130793069BE5
:104460003B4408932B5BDDE907109A4528BF9A4629
:1044700052460AF011FC029BA3EB0A039BB2049381
:104480002B5B059300230393079B039A1B7B9A42A4
:1044900014D3059A089BDA80029B934228BF1346E7
:1044A000029AD21A92B23B4402929FB2059A099B99
:1044B00013449BB20993019B0133BAE7039B1C0190
:1044C000079B9D68039B35F804B005EB03130A9323
:1044D000089B0A9903EB0A09049B48469B4528BFA1
:1044E0009B465A460AF0D8FB00232E5B049C0B9394
:1044F0000A9A117B9DF82C20914213D8A9F80660E6
:10450000049B049AB34228BF3346D21A53441FFA7D
:1045100083FA059B92B233449BB20593039B0492AA
:104520000133B0E70A9A95681D446A88042A22D0AC
:1045300003D8032A04D00026E2E7053A032AFAD872
:104540002A882946A24228BF224609EB0B0092B2D4
:104550000E930D920AF0A0FB29880E9B0E440D9A33
:10456000B6B20B44A41A5A441FFA82FB0B9AA4B2A7
:1045700001320B92BCE7082C224628BF08220F9379
:1045800009EB0B03184692B229460D930E920AF0DE
:1045900083FB0E9AA968A41A5A441FFA82FBEA8880
:1045A000A4B2A24228BF224609EB0B000E920AF0E9
:1045B00073FB0E9A05F10C01A41AA4B2022C9344C9
:1045C000224628BF02221FFA8BFB09EB0B000E923A
:1045D0000AF062FB0E9A2969A41A9344AA89A4B22C
:1045E000A24228BF22461FFA8BFB09EB0B000E925A
:1045F0000AF052FBE988A8890D9B01440A3189B26F
:1046000019800F9B31440E9A8EB21433AAE70133FE
:10461000EDE60000024B80F85420C0E913317047EA
:10462000C743000808B50B786BB949887F290BD8B8
:10463000D0F8EC30C9B2817693F830200AB15B68CB
:104640009847012300E00023184608BDF8B50D4641
:104650004988044679B103680D26587C00239842A6
:1046600001D80020F8BD626806FB032252798A4215
:1046700003D00133F3E74FF0FF330133DBB2E376CE
:104680004BB9D4F8EC302046DB689847D4F8D830E2
:104690009BB90120E6E70D22534362680D3B1A44A3
:1046A0000023184611799942EBD9D2F809101E015E
:1046B000715801B108700133F4E7002304F1D40606
:1046C000A3652366A366236704F1E40756F8043F55
:1046D00013B1204669889847B742F7D1D9E71988BE
:1046E000012984BF01211980C37E11682BB1426862
:1046F0000D2000FB032313F8083C01200B707047CA
:1047000070B51C460D23C27E5A4343680D3A1344CC
:104710001D798A88954219D9D3F80950160105EBFD
:1047200002124B8812799A4210D9AA5952B11370C9
:10473000D0F8E83013B14A888988984700230120CF
:10474000238070BD002BF3D01046FAE70020F8E775
:1047500030B50D25C47E40686C430D3C20448D88E7
:104760000479A5420CD201241C808B88D0F8090062
:104770001B011B5803B11B7801201268137030BD58
:104780000020FCE719880120022984BF022119803A
:10479000002311680B7012685370704710B51446EF
:1047A0001A88022A84BF02221A808988C9B2FFF7B8
:1047B00077FC003818BF0120002223681870236896
:1047C00001205A7010BD08B589880122C9B2FFF7CF
:1047D00063FC012008BD08B589880022C9B2FFF733
:1047E0005BFC012008BD00002DE9F04F8BB0019368
:1047F000064648889046040AC7B2032C3D4600F09E
:10480000708105D8012C28D0022C34D000242EE051
:104810000F2CFBD1B46854B3002FF7D1D6F8149005
:10482000019BC2F8009094F800801F882146B8458B
:1048300028BFB846484642460AF02EFAA7EB0807BA
:1048400094F800B0BFB26B0122790293EBB29A42A6
:1048500000F2FF80A9F802B007E133681360019A03
:104860001B781288934228BF1346019A1380204672
:104870000BB0BDE8F08F73694FF00009136003932C
:10488000019BD6F804801C880D235F43ADF8269069
:1048900018F8075008EB0703A54228BF254619461C
:1048A0002A46039805930AF0F7F9039BBDF82620E2
:1048B0005E1918F80730641B1344A4B2ADF8263013
:1048C000CDF80890059B1A79BDF808309A420AD8AD
:1048D000022203980DF1260110440AF0DDF9019B34
:1048E0001D800124C3E7029B029A1B010693059BCE
:1048F000D3F8093003EB0213D3F80880B8F1000FA6
:1049000015D098F800703046A74228BF2746414688
:104910003A460AF0C1F998F80030BDF82620E41BA9
:104920003E4413442F44A4B2BDB2ADF82630002358
:104930000493059B069AD3F8093013441979BDF8FE
:104940001020914203D8029B01330293BAE715214C
:10495000049AD3F80C9001FB02F819F808A009EBAF
:104960000807A24528BFA2463946524630460AF0FB
:1049700093F919F80830BDF82620A4EB0A04134473
:10498000ADF82630D7F80D105644AA44A4B21FFA49
:104990008AF5C1B1D7F811903046A145A8BFA1460C
:1049A0001FFA89F842460AF077F9D7F81130BDF8B6
:1049B0002620A4EB080446441344A844A4B21FFADA
:1049C00088F5ADF826304FF000083A791FFA88F3E1
:1049D0009A4202D8049B0133AAE7D7F809B0C8EB82
:1049E000081A1BF80A200BEB0A09A24228BF22462C
:1049F0004946304607920AF04FF9079A1BF80A30E9
:104A0000A41A16442A4495B2BDF82620A4B2134431
:104A1000ADF82630D9F80710C1B1D9F80BB030463F
:104A2000A345A8BFA3461FFA8BFA52460AF034F9F1
:104A3000D9F80B30BDF82620A4EB0A0456441344E1
:104A4000AA44A4B21FFA8AF5ADF8263008F101088D
:104A5000BBE7D4F80530029A039303EB020A9AF8F5
:104A60000230052B09D04FF00008019BB8F100047B
:104A700018BF0124A3F80080F9E6142F3E4628BF92
:104A8000142609EB080318463246514604930AF0EF
:104A900003F9102245490AF1040009F087FF049B3D
:104AA000E8B9BA1B92B2082A28BF082204929819C2
:104AB000DAF814100AF0F0F8049A1644B6B2DDE9F8
:104AC00002239B5C5B441FFA83FB0EB9002FCAD103
:104AD000BF1B4644BFB21FFA86F80135B3E6002675
:104AE000EDE7776985B90923BB700423FB703B7040
:104AF000019B019A1B88042B28BF042313800323E6
:104B00007B70C8F80070ECE6D6F8F030AB421DD1EF
:104B1000D6F8F4000AF0CEF801304000C0B2019B94
:104B200038701B88019A834228BF034613800023F4
:104B3000019A12885208013A9A42E0DDD6F8F42030
:104B4000D15C07EB430251800133F1E7F468013D8A
:104B5000002C3FF48CAE3369AB427FF757AE40F286
:104B600009438A889A427FF451AE54F825000AF02E
:104B7000A1F801304000C0B2019B38701B88019A37
:104B8000834228BF0346138000234FEA8509019A18
:104B900012885208013A9A42B1DDF26852F80920AF
:104BA000D15C07EB430251800133F0E7480A01086A
:104BB00019880120022984BF02211980002311686D
:104BC0000B701268537070470246002310B500F155
:104BD000D40454F8040F38B1884209D00133042BAF
:104BE000F7D14FF0FF3010BD363342F82310FAE70B
:104BF0000020F8E730B44C78092C12D8DFE804F034
:104C00000D111111110F0B110905074CA44630BCF1
:104C10006047064CFAE7064CF8E7064CF6E7064C08
:104C2000F4E7002030BC70474D460008DF4600081E
:104C3000E9470008854700082546000810B44C786D
:104C40000A2C06D00B2C06D03CB9054CA44610BC4F
:104C50006047044CFAE7044CF8E7002010BC7047AA
:104C6000B14B0008514700080147000810B44C78C8
:104C7000012C04D0032C07D01CB9084C08E04C8848
:104C80004CB1002010BC70474C88002CF9D1044C6A
:104C9000A44610BC6047034CFAE700BF9D470008DC
:104CA000C7470008D747000810B40C7814F0600F0D
:104CB0000FD104F01F04012C05D0022C06D044B9FA
:104CC00010BCFFF797BF10BCFFF7B8BF10BCFFF7D1
:104CD000CDBF002010BC704708B501210548FEF784
:104CE0002CFE0028F9D0BDE8084001210148FEF75C
:104CF0002ABE00BF002C014010230B4A82B0C2F82C
:104D00001038042360B1C2F81038002342F20F7249
:104D10000193019B934205D8019B01330193F8E76E
:104D2000024A938202B0704700000140000801402F
:104D3000024BD3F80C08C0F380007047000001401C
:104D4000034BD3F8080C80F00200C0F3400070471A
:104D50000000014038B5002839D0022303211A464B
:104D60002648FEF796FF01212548FEF7ECFD0124B9
:104D7000FFF7B2FF2246042121480134FEF77BFEF3
:104D8000FFF7AAFF402CF5D102241C4D022301227B
:104D900003212846FEF77DFF002204211848FEF774
:104DA0006AFE4FF40073224603211648AC82FEF7D8
:104DB00070FF4FF48063224600211248FEF769FF1E
:104DC0004FF48062104BC3F81028012038BD022434
:104DD0000D4D4FF40073012221460A48C5F8104CCE
:104DE000FEF757FF4FF48063012221460548FEF786
:104DF00050FF4FF4C063C5F81038E6E7000C0140DF
:104E0000002C01400008014000000140082307B5C4
:104E1000114801210DF107028DF80730FEF781F9E5
:104E20000D48FEF7ECFE0C48FEF770F90028FAD0AA
:104E30000948FEF76FF9094AD2F8003423F002035B
:104E4000C2F800346323584341F6FF73B0FBF3F01C
:104E500003B05DF804FB00BF0024014000200140C6
:104E600010B5FFF7D3FF0A210346B3FBF1F201FBB4
:104E70001233034802F1300430330470837010BDE4
:104E8000A0000020002210B5084C11464FF480739A
:104E90000748FEF7FEFE4FF4805300220221204611
:104EA000FEF7F7FE4FF48053A38210BD000C0140C3
:104EB0000008014008B50A4B0A48D3F8081C4FF413
:104EC000807311F400511ABF002201210122FEF764
:104ED000E0FEBDE808404FF40050FEF727BA00BFDF
:104EE00000000140000801404FF0E022D2F8FC3DF4
:104EF00073B543F48033C2F8FC3D7348FEF7F6FF08
:104F000040F29730FEF772FA40F20230FEF76EFA86
:104F100040F20330FEF76AFA40F20B30FEF766FA11
:104F20004FF44070FEF762FA40F28620FEF75EFA18
:104F30004FF48073654C012200212046A382FEF7C6
:104F4000A8FE4FF48053022200216148FEF7A1FE23
:104F50004FF480535F4E002203212046C6F8103CD8
:104F60002023FEF796FE1023012203212046FEF7A0
:104F700090FE7023002202215548FEF78AFE042588
:104F800010230022C6F8103803212B462046A582A4
:104F9000FEF77FFE02230122C6F8103C03214C4895
:104FA000FEF777FE40210020FEF7A2FE00234A48CC
:104FB0001A461946FEF7CAFC06214748FEF7E0FCF0
:104FC00005214548FEF70DFD05214348FEF72EFD5E
:104FD000002229464048FEF74EFD00213E48FEF7DC
:104FE00063FD3F213C48FEF7C9FC3B48FEF753FDFB
:104FF0003948FEF7B4FC3848FEF7B6FC3648FEF7F1
:10500000B8FC40F20930FEF7F1F900220123114605
:105010002F48FEF73EFE3148FEF769F82F48FEF7AD
:105020006BF82E48FEF778F82C48FEF7FBFD2B486E
:10503000FEF767F807212948FEF716FEFEF7E8FDA0
:105040002648FEF7D4FD0023254A0193019B934295
:1050500036D92248FEF7EBFD2048FEF7FBFD4FF066
:10506000E023204A4FF40054C3F8082D01F0C8F99A
:1050700000F046FE00F038F8E0212820FDF77EFF22
:105080002820FDF763FF4FF48072124B0021C3F814
:10509000104C0F48C3F8102823460222FEF7F9FDF2
:1050A00020460B49FEF748F902212046FEF70CF98D
:1050B0002046FEF72DF902B0BDE87040FFF7FABEBA
:1050C000019B01330193C1E72C0A0108000801404C
:1050D000000C014000000140002C01400024014070
:1050E000FF340C000000000870B540F20E30614C37
:1050F000FEF77CF94FF42070FEF778F920464FF464
:10510000007302220321FEF7C4FD20464FF48063A2
:1051100002220021FEF7BDFD4FF48062564D574B31
:105120002846C3F810284FF41641FEF707FD4FF448
:105130001642534B284608211A60FEF70AFD2846FE
:105140000021FEF716FD28460C21FEF726FD284615
:105150000021FEF718FD28460021FEF724FD494AEC
:1051600004F57844D2F80C38474E43F01003C2F8E7
:105170000C3820460421FEF703F83246204604216D
:10518000FEF783F820460421FEF733F8204600227C
:105190000421FEF722F8204600220421FEF711F830
:1051A0004FF4005220460421FDF7FFFF2046042162
:1051B000FEF750F820460421FEF73AF82046052174
:1051C000FDF7DEFF324620460521FEF75EF8204659
:1051D00005212E4AFEF762F8802220460521FEF7BF
:1051E0006DF820460521FEF704F820460521FEF75C
:1051F00009F8204600220521FDF7EFFF2046002296
:105200000521FDF7DEFF4FF4005220460521FDF792
:10521000CCFF20460521FEF714F820460521FEF7B5
:1052200019F820460521FDF7FAFF20460521FEF773
:105230001AF820212520FDF7A1FE20210E20FDF7E0
:105240009DFE20210F20FDF799FE2520FDF77EFE13
:105250000E20FDF77BFE0F20FDF778FE2846FEF7B7
:10526000A8FC2846FEF7B4FC2846BDE87040FEF7CF
:10527000AABC00BF00080140003801400000014006
:10528000CC0C00200030014004380140D10C00203B
:1052900038B504461948FEF791FC25681748294699
:1052A000FEF74CFC164B62791D60A37902B1013305
:1052B000092B34BF082109211048FEF74AFC217947
:1052C00029B1012914BF4FF400514FF440510B484C
:1052D000FEF74FFC6379012B0AD0022B0BD0002183
:1052E0000648FEF750FCBDE838400448FEF761BCB4
:1052F0004FF4C061F4E74FF48061F1E700380140FA
:10530000CC0C0020134B10B51B68044603601248F8
:10531000FEF735FC20B1B0F5405F14BF022001203C
:1053200020710D48FEF735FCB0F5806F0CD0A0F56C
:10533000C0635842584160710748FEF713FC637917
:1053400023B9C3B2A37110BD0220F4E7431EDBB240
:10535000F8E700BFCC0C002000380140044A137865
:10536000034313701022034BC3F8102C704700BF87
:10537000D00C002000000140054B1A7822EA000200
:105380001A701B7813B91022024B9A82704700BF23
:10539000D00C0020000C0140024B1878024B03EBAC
:1053A000C0107047540E0020530D0020014B187898
:1053B000704700BF530E002070B50D4C0D4B0E4DC5
:1053C00022780E4E03EBC21204212846FDF766FF39
:1053D000042128463278FDF771FF04212846FDF7A5
:1053E00042FF00233370237883F00103237070BDE4
:1053F000540E0020530D002000000240530E0020E8
:1054000008B5094A13780344137058B1074B1A784A
:1054100042B100221A70FFF7CFFFBDE8084001201B
:10542000FFF79CBF08BD00BF530E0020A500002061
:1054300008B505210448FDF73AFF044B404200F04F
:105440007F00187008BD00BF00000240520D002010
:10545000034B1878034B1B78C31A584258417047C6
:10546000520D0020510D0020034B02201A78034BEF
:105470001A70FFF781BF00BF520D0020510D0020B0
:1054800010B5044B044C1A782178044800F0EAFD6A
:10549000207010BD520D0020510D0020D10C0020B5
:1054A00010B50F20FDF75EFD10210748FEF799FBB0
:1054B00004460548FEF791FB0CB100F0F7FDBDE88E
:1054C00010400F20FDF742BD0038014008B5142000
:1054D000FDF748FD04210F48FDF7CEFE012204210F
:1054E0000C48FDF75DFE0C4B1B7863B1FFF764FFC2
:1054F0000A4B002203211868FEF7D6FDBDE80840DC
:105500001420FDF723BD0120FFF736FF044B187070
:10551000F4E700BF00000240530E00208C10002072
:10552000A500002008B52520FDF71CFD0548012237
:105530000521FDF735FE00F0B9FDBDE80840252046
:10554000FDF704BD00000240024B06211F209B68AE
:10555000184700BF580E002010231D4A82B010B318
:10556000C2F81038082309B3C2F810381949184A8C
:105570000B6801334FF02003C2F8103821D00A68BD
:105580000092009BABB92021114BD3F80808A3F877
:10559000141800F040000192019B73B9003818BF45
:1055A000012002B070470C488382DBE70A4A9382ED
:1055B000DCE7009B013B0093E3E7019B013B019388
:1055C000EAE7D2F80808044AC0F380109382E8E7BB
:1055D000000001404012002000080140F7B50822F9
:1055E000224B234DC3F810282A68013236D10022FD
:1055F000102520271F4E00F00104914224D0002CDA
:1056000032D0C3F81058C3F81078400800F00104F5
:1056100000BF00BFB7820132EFE7C4074CBFC3F839
:105620001068BE82C3F810C8D5F800E0CDF800E0DD
:10563000009C5CB9A7F814C04008CDF804E0019CB8
:1056400044B901329142E8D103B0F0BD009C013C65
:105650000094EDE7019C013C0194F0E70022102644
:105660004FF0200C034FEDE7B582CCE7000001407E
:1056700040120020000801402DE9F04FDFF864E1FE
:1056800087B0CDE90001DEF80010102508260131B1
:105690004FF000010292544A0C46958296825CD1EA
:1056A0004FF0010B4FF02008504F8B4263D1590748
:1056B0001FBF03F1FF330099DB08CC5420239382F2
:1056C00056E001F0070B4FEAD10A01318B423BD87B
:1056D0000198002838D0C7F81058012000FA0BFCB8
:1056E000029810F80A8018EA0C0F14BFC7F8106867
:1056F0009682C7F81098DEF800000490DDF810805C
:10570000B8F1000F22D1D7F8088818F0400F1CBF5D
:1057100044EA0C0C5FFA8CF4BBF1070F02BF00984F
:1057200000F80A400024DEF80000A2F8149005906A
:10573000DDF814C0BCF1000F12D0DDF814C00CF17C
:10574000FF3CCDF814C0F3E79582C6E7DDF8108082
:1057500008F1FF38CDF81080D0E74FF02009234F33
:105760008B42AED1580703D0009A013BDB08D454DA
:1057700007B0BDE8F08F019801F0070A4FEAD109A0
:1057800001318B4288BF0020039002980BFA0AFC7B
:1057900010F809E00EEA0C0EA2F81480BEF1000F1A
:1057A0001BD0C7F810680398C8B1C7F8105800BFDD
:1057B00000BF00BFC7F81088D7F808E81EF0400FF8
:1057C0001CBF44EA0C0C5FFA8CF4BAF1070F02BF5D
:1057D000009800F80940002467E79682E3E7958285
:1057E000E5E700BF40120020000801400000014032
:1057F0002DE9F3471025DFF8E8C03A4BDCF800400C
:105800009D8201344FF000043AD14FF001094FF06E
:10581000200E4FF00808344EA2423DD100BF00BF19
:1058200020229A8235E004F007074FEAD40A0134B7
:10583000A2421FD8F0B1C6F8105811F80AA009FA10
:1058400007F71AEA070F14BFC6F810E8A3F814E028
:10585000C6F81088DCF800A0CDF800A0009F5FB962
:10586000A3F81480CDF804A0019F87B1019F013FE8
:105870000197F9E79D82E0E7009F013F0097EDE780
:105880004FF001094FF0080E4FF02008164EA242CB
:10589000C9D102B0BDE8F087E708CF5D04F0070C7E
:1058A00009FA0CFC0134A24294BF82464FF0000A70
:1058B00007EA0C07A3F814E0BAF1000F0AD0C6F803
:1058C00010584FB1C6F8108800BF00BF00BFC6F81F
:1058D00010E8A1E79D82F4E7A3F81480F4E700BF85
:1058E000401200200008014000000140F7B51446B6
:1058F000FFF732FE1648621E036801334FF00003C3
:1059000021D120211348144C9A4212D9C0F8101802
:1059100000BFA1820133F7E7C6F81048056800957B
:10592000009941B9BC820195019941B901339A426C
:10593000F2D803B0F0BD009901390091F0E7019968
:1059400001390191F0E72024024E034FEFE700BF39
:1059500040120020000001400008014010230022F6
:1059600010B503210F48FEF794F90F4B0F4A33246B
:105970001A600F4A5A600F4A9A600F4ADA600F4A5B
:105980001A610F4A5A6101221A7600210120FFF79D
:10599000E3FD013CF9D11021BDE810404EF23C700E
:1059A000FFF71CBE00080140580E002049550008B2
:1059B00059550008DD55000879560008F1570008D0
:1059C000ED5800082DE9F0413B4A84B01378012BD3
:1059D00070D001272026394C394D236817703B447D
:1059E000AE820093009B002B61D12022354BC3F87F
:1059F0001028236801330193019B002B54D1314AB5
:105A0000D2F8003823F4702343F48033C2F800380E
:105A1000236801331DD1B1B1202600234FF0010CC2
:105A20001027B646264D274C0CFA03F2024203F12A
:105A30000103A5F814E014BFC4F81078AF829942AE
:105A4000C4F81068F0D120221D4B9A8204B0BDE842
:105A5000F0810029F7D0202700234FF0010C4FF0F0
:105A60001008BE46164D174E08E0C6F8107822689A
:105A70000392039AAAB901339942E4D00CFA03F2D3
:105A80000242A5F814E018BFC6F81088226808BFC3
:105A9000A5F814800292029A002AE6D0029A013AEE
:105AA000F8E7039A013AE3E7019B013BA3E7009B78
:105AB000013B96E7014CABE7740E0020401200203A
:105AC000000801400000014070B582B00E46054656
:105AD00008F048FA044631462846FFF773FF1022C3
:105AE000E3074BBF0F4B104BC3F810289A820F4AA5
:105AF000136801330093009B6BB92021094BC3F855
:105B00001018136801330193019B3BB92022064B07
:105B10009A8202B070BD009B013BEBE7019B013B09
:105B2000F1E700BF000001400008014040120020E2
:105B30002DE9F041344B01461A7884B0002A5ED03A
:105B400000242020314A1C70D2F80038304E23F453
:105B5000702343F48023C2F80038C2F81008336879
:105B60005A1C0192019A002A46D15F1C1CD10029BF
:105B700048D0002020244FF0010C0346254F234A33
:105B8000BC82D2F808580CFA03F6ED0648BF304341
:105B9000C2F8104800BF01339942F1D120221D4BB9
:105BA0009A8204B0BDE8F08161B3002020274FF055
:105BB00001080246BE46DFF85CC0144C08E0C4F899
:105BC000107833680393039D95B901329142E5D073
:105BD000ACF814E0D4F80858ED0644BF08FA02F512
:105BE00028430293029B002BE9D0029B013BF8E77C
:105BF000039D013D0395E6E7019A013AB1E7044EA2
:105C00003368B2E70846C9E7740E0020000001407F
:105C1000401200200008014070B5064684B00846D6
:105C2000FFF786FF0446254D2B6801330093009B48
:105C3000002B35D1204608F095F92021204AD2F8D2
:105C40000838C2F810182A68C3F30013034401325D
:105C50000192019A4ABB1B4A3460117801291BD07A
:105C600001242020147018492A6888822244029254
:105C7000029A02BB2021124AC2F810182A68013287
:105C80000392039AA2B90E49D1F8002822F4702297
:105C900042F48032C1F8002803F0010004B070BD66
:105CA000009B013B0093009BC2E7019A013ACFE7BA
:105CB000039A013AE4E7029A013AD8E74012002039
:105CC00000000140740E002000080140044B054A0A
:105CD0001A60054A5A60054A9A60054ADA607047B8
:105CE000780E0020315B0008195C0008C5590008D7
:105CF000C95A00080122014B1A707047A600002003
:105D00001FB500F055FB4FF400730293144B154A76
:105D100001930723144900931448154BFEF75EF9CD
:105D2000144C15492060FEF783F9012220681349BD
:105D3000FEF770FC12492068FEF746FF1149206803
:105D4000FEF742FF10492068FEF73EFF10211420A5
:105D5000FDF714F9142004B0BDE81040FDF7F6B8C3
:105D60008A0E00208E0B01089B0B01088809010890
:105D7000F80D01088C100020850B0108F80C0108B3
:105D8000715F0008F55D0008F55C0008014B18889C
:105D9000704700BF880E0020014B1868FEF74AB913
:105DA0008C10002008B5FFF76DF8FDF7F7F800003C
:105DB0008888042819D1497899B103294FF0000047
:105DC00014D11168087011684870116888701168E2
:105DD000C870116808711268507106221A8001207B
:105DE0007047009B024A1A60F9E70220704700BF23
:105DF000A55D00087F222121014BFEF729BA00BFD3
:105E0000B15D0008002310B50A4C2370FFF710FBAA
:105E1000FFF7BCFF012804D0FFF726FB0123237006
:105E200010BDFFF715FB0028F6D1BDE81040FFF7C5
:105E300027BB00BFA7000020FFF7E4BF1FB50B463C
:105E4000ADF8083002231146ADF80A3042F2A10243
:105E500003230192ADF80C3001AA0A23FEF70EF9D4
:105E600005B05DF804FB000038B50C46898841BBDD
:105E70006578212D15D0222D03D0202D0BD008467A
:105E800038BD0222FFF7DAFF63880F4A03F00103EF
:105E900013700121F3E71988062994BF002101211D
:105EA000EDE71B88062BEAD9136840221A704222BC
:105EB0005A700F229A700822D970197159719A710B
:105EC000E7E70221DBE700BFA8000020124B70B516
:105ED0001B7804460D461BB1BDE8704000F0B2B916
:105EE000FFF75AFA0646FFF761FA402332182946AF
:105EF0002046FEF7CAF8FFF783FAFFF757FAC0F11A
:105F000080003F2806D829462046BDE8704001227F
:105F1000FEF7CAB870BD00BF6007002010B50C4680
:105F2000898802291BD16478212C11D0222C03D01E
:105F3000202C06D0002003E00422FFF77FFF012081
:105F400010BD1B88062BF5D91068FFF7A1F9F6E7FD
:105F50001B88062BEED91068FFF7D4F9EFE7022073
:105F6000EEE70000014B1878704700BFA800002042
:105F700037B500250446274B022219804023012112
:105F80000095FEF75BF82046402302228121009510
:105F9000FEF754F820461023032282210095FEF7D5
:105FA0004DF81D4B20460093022220230321FEF7CB
:105FB00045F81A4B20460093022240238321FEF726
:105FC0003DF820461023032284210095FEF736F881
:105FD000134B20460093022240238521FEF72EF822
:105FE0007F22212120460F4BFEF732F90E4B7F22F4
:105FF00021212046FEF72CF9294620460222FFF7F0
:106000001DFF04220221204603B0BDE83040FFF707
:1060100015BF00BF880E0020CD5E0008395E000865
:10602000C56500081D5F0008695E0008F8B50646F2
:106030000D4600240A4FAC4200D3F8BD1420FCF7F3
:1060400091FF2B1B402B28BF4023321903219BB209
:106050003868FEF713F81420FCF778FF4034EAE7BD
:106060008C100020F0B591B06D4616460C4600230A
:106070002A46B14213D03F2B09D10B4803210068B7
:106080009BB2FDF7FBFF204400F07F0409E04F1CAA
:10609000415C013305F8011B07F07F01E9E7002BA4
:1060A000EBD1204611B0F0BD8C10002008B51420B3
:1060B000FCF758FF0220FFF751F9054B1B780BB195
:1060C000FFF7A0FEBDE808401420FCF73FBF00BF6B
:1060D000A700002010467047104670470020704708
:1060E00000207047012070470020704708B5FFF777
:1060F0004DFE01280146FAD106484023064A0068B1
:10610000FDF7C3FF0022054B1860054B1A6000B96C
:1061100030BF08BD8C100020D010002014110020CA
:1061200018110020F8B5174C174D2268531CA854BD
:1061300023600D4609B9402B05D1FFF727FE012842
:1061400002D000232360F8BDFFF70CFF0028F8D031
:106150000E4E0D4F3A46012123883068FDF78EFF21
:106160000028F7D0002DECD02368402BE9D1084D52
:1061700001232A4619463068FDF780FF0028E0D148
:10618000F6E700BF10110020901000208C100020B6
:10619000140E010838B50A4C0A4D23682A68934248
:1061A00004D25A1C2260084AD05C04E0FFF7DAFEF1
:1061B00010B930BF042038BDFFF798FFEDE700BFEE
:1061C0001811002014110020D010002037B501460E
:1061D00001A8FCF7A6FE104C104D22682B689A42CD
:1061E00008D223682A68934211D3FF200DE0FFF7FD
:1061F0007DFFF2E701A8FCF79FFE0028F1D1FFF731
:10620000B1FE0028F3D130BF042003B030BD5A1CCA
:106210002260034AD05CF8E7181100201411002016
:10622000D0100020054A064B10681B68834294BFBB
:10623000FF3303F1FF33181A704700BF1C12002010
:1062400020120020F0B51E4C91B0012203212068DD
:10625000FDF72AFF40236A4603212068FDF715FF5A
:10626000184B05461B781BB1FFF7DCFF854218D899
:106270000021154A0F46D2F800C06A46134EDFF8D7
:1062800050E03368BD4203DD581CC0B284450FD1D5
:1062900001B133600F4B1B781BB1FFF7C3FF7F28A1
:1062A00004D9002203212068FDF7FEFE11B0F0BDE5
:1062B00012F8011B01370EF8031003460121E1E734
:1062C0008C10002063070020201200201C120020E8
:1062D0001C110020610700200D4A0E49136809684F
:1062E00010B5994210D00C49CC5C0133DBB213607D
:1062F000FFF798FF7F2805D9084B00220321186873
:10630000FDF7D2FE204610BD4FF0FF34FAE700BF84
:10631000201200201C1200201C1100208C100020D4
:10632000034B1868034B1B68C31A58425841704707
:106330001C120020201200202DE9F04780460C4658
:1063400019B900242046BDE8F087184F3B68002BA0
:10635000F8D0FFF71BFD0028F4D0FFF703FE00285C
:10636000F0D00025661B402E28BF402600F076F8AE
:106370008146B6B208EB050A334652460321386817
:10638000FDF77CFE58B14035AC42EBD814F03F032A
:10639000D8D11A4603213868FDF770FED2E700F025
:1063A0005DF8A0EB09001828E6D9CAE78C10002098
:1063B0000022114630B5114C02F0070342F00700ED
:1063C000C01A33B9D108890001F10051A1F61801B2
:1063D00009689B0021FA03F303F00F0303F1300572
:1063E000392D88BF373302F1010294BF255423545D
:1063F000182AE1D10023237630BD00BF24120020EB
:1064000008B50020FCF7D8FD084B18684FF4FA5384
:10641000B0FBF3F0FCF7CAFDE021FF20FCF7AEFD76
:10642000FCF7D4FDBDE80840FCF7D7BD9400002080
:1064300007B5014601A8FCF774FD01A8FCF77CFD37
:106440000028FAD003B05DF804FB0000024A13688C
:1064500001331360704700BF44120020014B1868DD
:10646000704700BF441200200A4B98420BD868B115
:10647000094B1E221B68B3FBF0F3343BB3FBF2F372
:10648000064A136070474FF0FF33F9E76FF00103DE
:10649000F6E700BF242015009400002040120020E1
:1064A000064B1B685A1C1FBF1E225343044A343339
:1064B0001ABF1068B0FBF3F002487047401200208A
:1064C00094000020D9C81D0038B5204C054640F284
:1064D0008130FCF78BFF012200212046FDF7E6FA10
:1064E000012220461146FDF7E1FA0022204611461E
:1064F000FDF768FD012220461146FDF763FD50219E
:106500002046FDF713FB04212046FDF707FB002181
:106510001D20FCF733FD1D20FCF718FD022120464D
:10652000FDF702FA00212046FDF7F1FA012120468D
:10653000FDF7EDFA2046FDF71CFA284600F078F941
:10654000003D18BF0125024B1D7038BD00040040FE
:106550005C1200202DE9F0410546164ADFF858800C
:1065600017780C462A46D8F800008BB227B1BDE850
:10657000F041032100F0FEB88521FDF77FFDA04228
:106580000BD00E4E33781A19402A08DD01228521DE
:10659000D8F80000FDF780FD3770BDE8F0810848AD
:1065A00022461844294608F077FB33782344337099
:1065B000F3E700BF5C1200208C100020A012002026
:1065C0006012002010B5094C23784BB1084A9BB2E9
:1065D000127832B10321074A00F0CCF8002323706F
:1065E00010BD044AFDF74AFDF8E700BFA0120020E5
:1065F0005C12002060120020F8B54FF0804340F29A
:106600000121D3F81044544D0C42A7B215D14FF0DC
:106610008043D3F83464D3F838442B88A4B253BBF6
:106620008CB117F002012DD101204C4A1070002BC3
:106630006DD10022494B1A70F8BD4948FDF783F926
:1066400014F0060FE3D1474C4FF0FF314448FDF7FB
:1066500095F901214248FDF76BF921784248C908B4
:10666000FFF778FF0021217029801122BDE8F84052
:106670003D4808F0C5B9B4FBF3F2022AE3D8A342BF
:10668000CED9E0E7002B42D1344A1278002AD0D18B
:10669000053CA4B2B2B2B2FBF4F2023A012ACBD862
:1066A00001270621314A61431770314A2C48137083
:1066B0002C80FDF763F939462948FDF744F939463E
:1066C0002748FDF731F92B88B6B2361B96FBF3F657
:1066D000022EB8DC234915D1254B1A78002AB2D1F5
:1066E00001221A70214A204C137883F001031370A1
:1066F0000A78D00802F00706B340265C0132334323
:1067000023540A7091F90030002B9CDB94E7B4FB12
:10671000F3F3012B0AD9164B1A78002A93D00022E2
:106720001A70124A137883F0010313700D480F4A50
:106730000378DFF834C01278DF0803F0070E02FA9E
:106740000EF21CF807E0013342EA0E020CF80720B3
:1067500003700029B7D176E7481200205F120020AD
:10676000000400405B1200204A1200205E1200204C
:106770005D1200202DE9F84F8A4615461E468046D8
:10678000002840D0254FDFF8989002EB030BAB4573
:1067900002D13046BDE8F88F3C6815F8011B64B99A
:1067A00001F00703012B31D0022B2FD0032B2CD06B
:1067B0001C4B04F001041C70E9E7042C1FDC194B8E
:1067C0001B78C3B1D9F80020174C531C402BC9F8D3
:1067D0000030A1540FD1FFF7D9FA48B1FFF7C2FB3F
:1067E00030B1224651464046B9F80030FDF746FC2C
:1067F0000023C9F800303B68013B3B60C7E700233A
:10680000C9F80030F9E70646C3E704233B60074BAD
:10681000C9081C68CC4004F00104C9E7EC12002050
:10682000E4120020F0120020A1120020E812002043
:10683000014B1860704700BFE8120020C36818477A
:1068400000210369184710B44469A44610BC60478E
:106850004368DB69184710B444691346A4460A46E6
:1068600010BC00216047436813B55C6A04230A46E4
:106870000DEB0301A047019802B010BD0368013B76
:1068800003600BB907F016BD704790F8342012B1C1
:10689000042183691847FFF7D3BF000073B504468E
:1068A0000B460D46082200214669B04794F82D306A
:1068B000072B0ED1084B20215B6801A898470121C6
:1068C0002369204698472B46082200212046666906
:1068D000B04702B070BD00BF780E002070B50D4605
:1068E00004461646017A05F0F003406843EA016168
:1068F000FFF7D4FF324629466068BDE87040FFF7D5
:10690000AABF38B50D460446017A05F0F00343EA04
:1069100001614068FFF7C2FF29466068BDE8384062
:10692000FFF78CBF1FB543680A465C6A69461023AF
:10693000A0479DF808309DF804201B0443EA022379
:106940009DF800009DF80C2040EA0260184304B056
:1069500010BD03681BB941680A6801320A6001333F
:1069600003607047036810B5013B044603603BB900
:106970004068FFF783FF2046BDE8104007F09ABC4F
:1069800010BD70B50C4601F57D610646FFF7CAFFE4
:10699000054604F57E613046FFF7C4FF294670BD09
:1069A0002DE9F34721F47F6525F00F0504461646CF
:1069B000002D6DD005F57F61FFF7B4FF0190606891
:1069C00090F82D70002F63D1FFF73AFF00285FD1B8
:1069D000019B514A23F47043934259D1019B2946AC
:1069E0002046C3F30338FFF7CCFF10F4002F4FEA23
:1069F000103326D0090201F4706103F07F030B43CA
:106A0000B3F5846F22D040F25552934208BF202341
:106A1000B8F1010FC0F30B093DD1CEB92384A4F81E
:106A20002290226A3D4B9A4212D120463C49FFF700
:106A30001AFFC2030CD5204602B0BDE8F04702F0B1
:106A4000F9B803F07F0343F40043E1E72023DFE7D5
:106A5000A846DFF8D0A005F5706901366068FFF739
:106A6000EFFE41462046FFF7FEFE07466068FFF74F
:106A7000E7FE68B967B1FB0706D507EA0A013246A7
:106A800020462944FFF78CFF08F10408C145E5D1F1
:106A900002B0BDE8F08740F23B42934203D040F69B
:106AA00075229342F4D1B8F1090F1ED105F6CC71CD
:106AB0002046FFF7D8FE05F6BC71C7B22046FFF7A7
:106AC000D2FE034610F4801000D098B2164B9A798B
:106AD000042ADDD01988494505D19978B94202D1F7
:106AE0009988814203D00833F1E70020EEE7022ABB
:106AF00004D0032A09D0012ACAD19CE7294620469E
:106B000002B0BDE8F04707F00DBA2946204602B0B2
:106B1000BDE8F04707F006BA0D0005B11F00D00C24
:106B20000021004100F0FFFF1C0E010830B50546B2
:106B30000C468BB02422002101A807F061FF4FF41E
:106B4000FE7101A802958DF80C40FFF781FE4FF40D
:106B5000FC71049001A8FFF77BFE0590013003D182
:106B6000002420460BB030BD049B002BF8D04FF41E
:106B7000807101A8FFF76CFE0A4B034043F000430D
:106B800006930306ECD4242007F08CFB044600286F
:106B9000E7D0242201A908F07FF82046FFF7D9FEAC
:106BA000DFE700BFC87FFFBF002370B59EB0029330
:106BB00003934FF0FF330593104B01901A6806A81A
:106BC0001D9203AA1A6008F04FF8044620B90B4D35
:106BD00003AE2B68B34203D0039B5BB100200AE0F5
:106BE0002346224601210198FFF72DFE02901D9BAE
:106BF0002B60EEE702981EB070BD00BFA40100201C
:106C0000012A70B505460E46446915D0023A012A9C
:106C100094BF44F0120244F010026B6828464FF40F
:106C200080711B6A9847334668684FF48272BDE8EA
:106C300070400021FFF707BE44F01102EDE730B5C8
:106C4000012B85B005461C46019214D007D9023BA2
:106C5000012B18D90120A040284405B030BD01F017
:106C60000301C900CA408DF80E2001220DF10E016A
:106C700008F012F8EEE701F00201C900CA40ADF8D1
:106C80000E200222F2E704220DEB0201F0E70000E1
:106C90002DE9F74F0E469907154616BFDC4302242F
:106CA00004F00104AA0718BFEA4307460CBF0222FA
:106CB00002F00102002B53D09442A8BF14465FFAA1
:106CC00084FAE340524629460093FFF799FF0023D8
:106CD0004FF4867201217868FFF7B5FD0123AB46BA
:106CE000A846A340DDF800900193B9F10109786846
:106CF00012D1009B0C22013B012103FA04F44B4604
:106D0000FFF7A1FD2C44024653462146304603B00E
:106D1000BDE8F04FFFF793BF00234FF486720121C7
:106D2000FFF791FD5346024641463046FFF787FF85
:106D3000019B0D4A98448BEA080313420646D4D0BF
:106D400043464FF4827200217868FFF77CFD0023F0
:106D50004FF4867201217868FFF775FDC346C4E7DA
:106D600003B0BDE8F08F00BF00FCFFFFF7B504469D
:106D70000F4616461D4633B1012B15D0042230466E
:106D800007F08AFF0BE001220DF1060007F084FFF7
:106D90009DF8063004F00304E400A34033600120B2
:106DA000A840384403B0F0BD02220DF1060007F000
:106DB00073FF04F00204BDF80630EDE72DE9F74F4C
:106DC0000C469DF830801546424623FA08F70646E1
:106DD000FFF716FF0123A146DFF854B003FA08FAC3
:106DE00037B90C21706803B0BDE8F04FFFF726BD3E
:106DF000002329462046019301AA4346FFF7B6FF28
:106E00005444019B05464FF4867200217068FFF7D9
:106E10001AFD89EA040313EA0B0F07D023464FF447
:106E2000827200217068FFF70EFDA146013FD7E78F
:106E300000FCFFFF73B59D0716BFDD43022505F07B
:106E400001058C0716BFCC43022404F001044668F8
:106E5000A542D4BF00950094B46AA04702B070BDAB
:106E6000A94B2DE9F04F0362A84BC28EC361A84B1A
:106E700004464362A74B87B0836240F23B439A4289
:106E800003D1038FB3F53A4F21D02046FFF78CFE94
:106E900028B9204607F00EFA07B0BDE8F08FC0F31E
:106EA000460100F470630B43C0F30751C0F3033293
:106EB0002187C0F3004184F83420E38684F835103C
:106EC00013B10AB1C00702D40023636323872046AD
:106ED000FFF7DBFC94F83430012B21D90222082182
:106EE0002046FFF7B8FC04212046FFF7A7FC054623
:106EF000002208212046FFF7AEFC05F47063C5F3BD
:106F00004602134363872B0BA38725F0704594F843
:106F10002E3025F0010545EA037545F0010525638E
:106F200040F61313E28E9A420ED1238F022B0BD11F
:106F30002421012007F09AF90028ADD0446007B061
:106F4000BDE8F04F06F0F0BFFA2103A8FBF7E9FF18
:106F5000002204212046FFF77EFC04212046FFF793
:106F60006DFC054603A8FBF7E7FF10B915F0204FAD
:106F7000F3D1C92103A8FBF7D4FF4FF0A0420421AD
:106F80002046FFF768FC0A20FFF752FA042120464A
:106F9000FFF754FC00F02040B0F1204F20D1638F68
:106FA000152B02D1204606F0C3FF4FF00008C14662
:106FB0002368DFF864A10133236020465FFA88F17B
:106FC000FFF7B4FD054688B9204609F10109FFF72E
:106FD0005CFCB9F1080F5FD12046FFF74FFC5BE77F
:106FE00003A8FBF7A9FF0028CDD052E706F09CFFCD
:106FF000284606F099FF284606F096FF284606F038
:1070000093FF2E7A002E37D1EB68C3F34332082A60
:1070100032D103F00F03012B2ED104216868FFF752
:107020000DFCDFF8F8B00746DBF8001005A8FBF709
:1070300078FF6A696B684FF4807128461B6A42F0DA
:107040000202984753464FF4827231466868FFF750
:10705000FAFB4FF486723146314B6868FFF7F3FB59
:107060000C216868FFF7EAFB47F47F0747F4704795
:1070700005A8FBF761FFA8B1002228462969FFF7A0
:107080008FFC284B284ED3F800B0284FBBF1000FDF
:107090007BD12846FFF766FC08F10108B8F5807F30
:1070A0008BD199E7686890F8351019B93B460422EE
:1070B000FFF7C9FB4FF4867200211D4B6868FFF78C
:1070C000C2FB00234FF4867201216868FFF7BBFB07
:1070D0000346686890F835202AB100230C2201216C
:1070E000FFF7B1FB0346591CC2D023F07F6222F0A8
:1070F0000F12002ABCD19A011ED5EEB90D4B1B7898
:10710000EBB90126B4E700BFDD6800080369000899
:10711000916C0008BD6D0008F0ED00E0000000205B
:1071200001005FA0F8140020F57A0008160E01088F
:1071300003005FA0A0010020264A9A4398D10026B0
:107140006B68254983F82D602846FFF78CFB234B9D
:107150002149A86104932846042304AAFFF76AFE84
:1071600005A8DBF80010FBF7DCFE3046FDF7C4FD98
:1071700051462846FFF777FB83017FF57DAF05A8D1
:10718000FBF7DAFE0028F3D076E7154ADBF8F43097
:10719000117859B9B3421AD15846019100F0A6FCB2
:1071A0008542019902D1584606F055FBDBF8F430D0
:1071B000B3420CD1584600F099FC854207D13946BC
:1071C000DBF8740007F0AEFC00287FF405AFDBF8B5
:1071D000ECB05BE701000200FCED00E001040001FF
:1071E000A001002013B504464B0FC900CDE90013E0
:1071F00090F82C00082102F03FF923236A46002171
:1072000094F82C0002F076F902B010BD003918BFD6
:10721000012170B50546580F41EAC303510801F03A
:1072200006010B4386B012F4807F14BF0B210A21A4
:10723000CDE9023095F82C0002F01EF9FA2101A8E0
:10724000FBF76FFE232395F82C0002AA04A902F095
:1072500051F9049C059BE60801A846EA437604F030
:107260000704FBF769FE40B9012CEBD0022C0DD0CE
:1072700001200849F9F74AFD08E0012CF6D1002663
:1072800021462846AB69984785F82D40304606B020
:1072900070BD00BFB410010810B504460A460023B3
:1072A0000121FFF7B3FF2046BDE8104000230C2268
:1072B0000121FFF7ABBF000038B50421C3680446C5
:1072C00098470021054B042203406569204684F855
:1072D0002D10A84700F0320038BD00BF320000F08A
:1072E00038B540210546012006F0C0FF044620B312
:1072F000124B80F82C50C360114B2D010361114BD0
:107300004361114B8361114B5B5903F47062C3F30A
:107310004601C3F30F330A43B3F53A4FC2860387DE
:1073200007D10021FFF7C8FF2046BDE83840FFF72E
:1073300097BD0421FFF756FFF6E738BD99720008A4
:10734000B97200080D720008E5710008F8120020FB
:1073500010B444691346A4460A4610BC0021604795
:1073600070B50446084D2021AB684FF0FF309847B8
:10737000002CAB6818BF2021BDE8704008BF1C215D
:107380006FF07040184700BF780E00200A460021B9
:10739000FFF7DEBF73B5044600230A460D46466973
:1073A0000121B04794F82D30072B0ED1084B202136
:1073B0005B6801A89847012123692046984700236C
:1073C0002A46012120466669B04702B070BD00BF61
:1073D000780E0020CB0570B504460AD5FFF7DAFF1A
:1073E00065692046AC46BDE8704000230C220121AF
:1073F0006047BDE87040FFF7CDBF38B590F8343036
:107400000446012B02D990F82D3003B969B101204F
:10741000FFF7A6FF94F83430012B03D90C206368E2
:10742000216B98470020A3689847A36804209847D9
:10743000C0F340010901C30648BF41F002018206C2
:1074400048BF41F00401030600F0B20505D541F044
:10745000080163680020984701E00029F9D1002362
:10746000284684F82D3038BD11F4807F0CBF81236D
:10747000A32308B183F0240301F00C0143EA410087
:107480004FF48873CB40DB0744BF80F02000C0B2CC
:107490007047000070B50D4D0E4601460020FFF705
:1074A000E3FF0821AB6898472B6803209847044600
:1074B000EB6830462021984708210020AB689847A8
:1074C000E0B2013818BF012070BD00BF780E002067
:1074D00073B50C4E01460120FFF7C6FF0821B368C3
:1074E0009847336803209847002405462021736895
:1074F000019401A8EDB29847012D14BF20460198D0
:1075000002B070BD780E00202DE9F7439846D305F0
:107510000E460546114602D590F82D3033BB304655
:10752000FFF7A2FF00238146FA2101A80093FBF791
:10753000F8FC224F08214846BB68984703203B6867
:107540009847C4B2042C36D11E2200212846FFF7EA
:10755000FFFE01A8FBF7F0FC0028EBD0022C07D1BE
:1075600001212846AB69984785F82D40002016E098
:10757000042CF9D0072CF7D0012C03D0012010499E
:10758000F9F7C4FB76B1202168467B68984728B19B
:1075900001200C4985F82D00F9F7B8FB009803B0DD
:1075A000BDE8F0834046FB6820219847082130461B
:1075B000BB689847F2E7022CCBD0DBE7780E0020BF
:1075C000C8100108D81001082DE9F0410025044633
:1075D000A84621F0704727F001070120FFF7C0FE01
:1075E00047EA05710C20636884F82D8041F00101A1
:1075F00098472046FFF7D8FA88B14021012006F0CD
:1076000035FE06464022214607F046FB304604215F
:10761000B36986F82E5098473046FFF721FC0135B4
:10762000102DDAD12046BDE8F04106F043BE00003F
:10763000F8B5064605F06EFF4021012006F016FE63
:107640000446002844D03A4B3A4F43603A4B83609B
:107650003A4B03613A4BC3603A4B43613A4B836107
:10766000FEF734FB0020FFF77BFE2021BB68374884
:1076700098472021BB68364898472021BB68354889
:1076800098472021BB68344898474FF4D0700C21AC
:10769000BB6898470120FFF763FEB6BB2046FFF7A3
:1076A00083FA0546A8B9FFF75BFE1021BB684EF2CE
:1076B0009E7098470120FFF753FE84F82D50204616
:1076C000FFF772FA054620B9204606F0F3FD28467A
:1076D000F8BDC5F3073313F00E0FC5F3033584F877
:1076E00034500ED0022208212046FFF731FE04213B
:1076F0002046E36898470022064608212046FFF707
:1077000027FE94F83430012B09D931462046FFF783
:107710005BFF124B1868003818BF0120D8E72046DD
:107720000421A36998472046FFF79AFBF1E700BFC1
:1077300095740008780E0020D1740008FB730008CF
:10774000D5730008097500088D73000892F309626B
:10775000952D8586E9AFDDE3A20EBC19F814002053
:10776000F8B50E4D0F460D442946044606F0F8F8CC
:1077700003060AD50A4E20460A4AF11906F0FDF81A
:107780002046094AF11906F0F8F82946204606F085
:10779000E7F880F08000C0F3C010F8BD103C024054
:1077A000043C024023016745AB89EFCD416C006882
:1077B000FFF7D6BF38B5074C05460C44214606F006
:1077C000CFF8214640F020022846BDE8384006F0B8
:1077D000D4B800BF0C3C024038B5436C0A4C056875
:1077E0001C442146284606F0BBF8030605D440F0A9
:1077F00080022146284606F0C0F82146284606F0B9
:10780000AFF8C0F3C01038BD103C0240F8B50546D3
:1078100016460D4F0F443946284606F0A1F8044697
:10782000284605F09EFF60B916B1304605F07EFF90
:1078300004F02103012BEED084F00400C0F380009B
:10784000F8BD0020FCE700BF0C3C0240F8B5C3685F
:107850000F4693421DD1456C04680F4E29462046C1
:10786000FFF7A8FF20467119022206F086F80B499F
:107870003A462046294406F080F8204671194222F3
:1078800006F07BF829462046BDE8F8400022FFF7C5
:10789000BDBF0020F8BD00BF103C0240143C0240B8
:1078A0002DE9F3410468456C0E462046294698466A
:1078B0001746FFF77FFF0B4920462944012206F0B7
:1078C0005CF802233A46314600932046434601F0D5
:1078D00087FC00222946204602B0BDE8F041FFF7B0
:1078E00095BF00BF103C0240F8B504460D46174650
:1078F000FFF736FFA8B10B4E29462046FFF75AFF87
:1079000020467119042206F038F8204671194422E5
:1079100006F033F83A4629462046BDE8F840FFF71E
:1079200075BFF8BD103C024013B504464FF4FA7120
:1079300001A8FBF7F6FA0021204601AAFFF7D4FFC1
:1079400038B1236F1B6C23B14021204601AAFFF7F9
:10795000CBFF02B010BD00002DE9F8430546DDE97C
:1079600008980F461E461446E2B14821012006F051
:107970007DFC0146B0B10C4BC0E90174C3610B4BF7
:10798000C0E9109803620A4BC6604362094B8362E8
:107990004FF480630361FF2303762846BDE8F84374
:1079A00005F060BEBDE8F883AD7700084D780008AB
:1079B000A1780008D9770008F7B54CF24022836F10
:1079C000044623F00F031B041B0C934201D000203C
:1079D00063E0404905F0C4FF3F4A20F47F6323F091
:1079E0000F03934203D0A2F580529342EFD140F2AD
:1079F0005552C0F30B03934262D8B3F5A86F18D267
:107A0000B3F5167F4BD240F241229342DFD933487F
:107A1000A3F242239BB2D84010F001003DD04FF4B6
:107A200000634FF480220021CDE900114FF0006186
:107A30001EE02A48A3F5A8639BB2D84010F00100CD
:107A40002BD04FF480564FF400124FF4F817002358
:107A500002F100654FF00061CDE900532046334646
:107A6000FFF77AFF40233A46CDE9005329463346D3
:107A70002046FFF771FF4FF480324FF0005120464F
:107A800005F0E2FD20464FF4A022154905F0DCFD8B
:107A90000120144B6367144B236503B0F0BD6FF4F2
:107AA000507213449BB2152B91D80C48D84010F05B
:107AB0000100F2D04FF400224FF400661746C6E7EB
:107AC000A3F5B363072B82D84FF480534FF4E02221
:107AD000A9E700BF002004E000400870499224009C
:107AE00000000120E910010829790008D0F8F030E1
:107AF0001868704710B504460068FEF733FF20464B
:107B0000BDE8104006F0D6BB08B5D0F8F030002133
:107B10001B68586803699847003818BF012008BDE2
:107B2000002213B5D0F8F030186801925A68436803
:107B30000A445C6A04230DEB0301A047019802B0DC
:107B400010BD000010B54FF450610446FFF7E8FF88
:107B500020F00F039BB2B3F5424FA0674FD01ED861
:107B60004CF2800293423AD00BD84CF2500293422E
:107B700030D04CF2700293422FD0B3F5995F34D0DD
:107B800010BD4CF2401293422BD04CF25012934253
:107B900029D04CF290029342F2D11A4B1BE0B3F57C
:107BA000464F2AD00DD84CF24022934221D04CF2BD
:107BB000702293421FD04CF230229342E0D1124BFC
:107BC00009E0B3F5524F12D04DF210229342D7D1B3
:107BD0000E4B00E00E4BE367D2E70E4BFBE70E4B7C
:107BE000F9E70E4BF7E70E4BF5E70E4BF3E70E4BBD
:107BF000F1E70E4BEFE70E4BEDE70E4BEBE70E4BCD
:107C0000E9E700BFFB100108151101080D1101087B
:107C1000F2100108F5100108F8100108FE10010823
:107C200001110108041101081111010818110108BE
:107C30001B1101081E1101082211010802292DE95A
:107C4000F74F04468A461746D0F8F08023DC2A49CD
:107C500005F0FCFE2046294905F0F8FE0025012725
:107C6000274EDFF8A09056F8042B4AB1D8F8180038
:107C700007FA05F3034203D04946204605F0E6FE25
:107C800001350B2DEFD120461F4905F0DFFE012005
:107C900003B0BDE8F08F00252E464FF00009DFF855
:107CA00060B05BF8040B40B157F8251006F0EAFF0E
:107CB000012310B903FA09F2164309F10109B9F1D8
:107CC0000B0FEED10135AA45E7D178680DF1070118
:107CD000F8F75CFF0028BDD09DF80730D8F81820D1
:107CE0003BB1324320460949C8F8182005F045FE4B
:107CF000B0E722EA0602F5E725110108791101082B
:107D0000781501088C110108CFFC0008FCED00E09B
:107D100010B50B79D0F8F020012B0C6911D0023B83
:107D2000022B4FF0010318D8517BA34021EA030333
:107D3000537300220A4901EB041105F01EFE0020D6
:107D400010BD117BA34021EA030304F1605101F649
:107D50000201137389000022EFE71846F0E700BF25
:107D6000281000E010B5044604490F2205F005FE76
:107D70002046BDE81040024905F0F2BDF4ED00E0F8
:107D8000F8ED00E0002370B59EB003930223059345
:107D9000104B01901A6806A81D9203AA1A6006F0FB
:107DA00063FF30B90B4C0C4D0C4E206803AB98426E
:107DB00007D0039B1BB10A49019805F047FE1EB08E
:107DC00070BD2A463146019805F0D7FD1D9B236002
:107DD000EBE700BFA401002003005FA0F0ED00E08E
:107DE00090110108F8B51C4BD0F8F0700D1E1B4E19
:107DF00018BF1E463B7C0446AB4205D0184946F0EE
:107E0000020205F0BAFD3D747B7CB3B12046FFF75A
:107E1000A9FF01460546204605F0B9FD00F47F4064
:107E2000B0F53E4F09D120460E49AA1C05F0A5FD2C
:107E300020460D4A0D4905F0A0FD3B8923B10022E3
:107E400020460B4905F099FD32462046BDE8F84032
:107E5000034905F092BD00BF0D005FA001005FA0C7
:107E6000F0ED00E0F8ED00E00F000100F4ED00E0BF
:107E700050EF00E000222DE9F041ADF5327D079290
:107E80002D924FF0FF322F929A4AD0F8F0300591A0
:107E900011680390049330A82DAB4791136006F04E
:107EA000E3FE28B9934D944E2DAC2B68A34209D024
:107EB0002D9C012C0ED0022C02D0079B9A0310D4CB
:107EC00000200AE03146039805F04AFD0790A36EB2
:107ED0002B60EAE705F01EFB20460DF5327DBDE87C
:107EE000F081864D0398294605F03AFD0446024686
:107EF0002946039805F041FD230758D5DFF8008295
:107F00000398414605F02CFD7E4F054639460398FF
:107F100005F026FD06462A464146039805F02DFD4C
:107F200005F0804532463946039805F026FD354375
:107F30003DD0039848A905F04FFC569D202315F02D
:107F4000040614BF5A9A599A039815A905F012FC11
:107F5000039805F006FC002829D11A9B15F010059E
:107F600056931B9B1C9A57930CBF6823202397059D
:107F700048BF0433BEB15B9A42F080625B925A9A6A
:107F800013445A9355931DB95B9B43F000735B9365
:107F90005D4A5E49039805F0F0FC039848A905F096
:107FA00034FC062099E7599A13445993EAE704F000
:107FB0000205002D14BF01230023049A537400F01E
:107FC000EF810398FFF7CEFE0146039805F0DFFC32
:107FD0004BF6AB63984240F0E381102500212A461E
:107FE00011A806F00DFD0022039B03981B687DA9D4
:107FF00083F83A2005F0F0FBDDE97D42182C00F013
:108000004A812B46039811A905F0B4FB631E302B5F
:1080100000F24981DFE813F0310067009200990017
:108020008B00800021017A01B400BA004701DD0015
:108030009A01CF00C400F600F600D6003B014701CC
:10804000500192014701470147014701470147019C
:1080500047014701470149014701470147014701DE
:1080600047014701470147014701470147014701D0
:108070004701470147015B015B01129B244A5B08F2
:1080800052F8234008A90423119A039805F072FBC3
:10809000204908A806F0F6FD38B924B114F4806F21
:1080A00014BF0120022001300BE04FF4D273139A69
:1080B000009311990398A3B2013205F001FD451C0C
:1080C000F1D17D907DA9039805F09FFB039B1B6870
:1080D00093F83A30002B40F09581049B0398197C6B
:1080E00005F0B9FBECE611990398013905F0F5FCB0
:1080F000E7E700BFA4010020F0ED00E030ED00E074
:108100002CED00E028ED00E00200FA050CED00E0A7
:108110008C140108BE11010811A90EC90398013978
:1081200005F0E4FC0028CCDB139B181AC9E711A961
:108130000EC90398013905F0E3FCF3E7012302219E
:108140007E9A039805F0DCFCBBE77E9D2C46214619
:10815000039805F036FC18B1039805F002FB68B1EE
:10816000641B00F0A08023462A460221039805F0F4
:10817000C7FC201A18BF4FF0FF30A2E70134E6E732
:1081800011990398013905F013FD9AE7119900231D
:10819000129A0398013905F0DEFC129B181AE9E7E0
:1081A000149B129A013300931199139B0398013287
:1081B00005F0DBFC85E7129A11990398013205F06E
:1081C000E1FC7EE7129A11990398013205F0F6FC62
:1081D00077E7039B039AD3E904548C4B11991361FD
:1081E0008B4B0398536101391DAA05F0D4FC039B06
:1081F000C3E90454249B184369D1259800BA40EA86
:10820000E0705EE7039B039AD3E904657F4B039814
:1082100013617F4B0EA95361002205F0C2FC039B42
:10822000C3E90465002852D10E98112C109B00BAA6
:108230003FF447AF774A1BBA1168884238BF1060D5
:10824000744A1268801A42F21072B3FBF2F364228D
:1082500002FB003323F0004033E73F238DF81B304F
:10826000039B039AD3E90454684B00211361684BC4
:108270000398536101230DF11B0205F037FC039BAA
:108280000128C3E9045422D19DF81B0019E7039B80
:108290001B68188F15E76049039805F0D7FB01218B
:1082A000039805F0D8FA00200BE75C490398DDE954
:1082B000113205F0CBFBF2E7039BDDE9115603F128
:1082C0008004204606F0F6FC0130864202D24FF0D0
:1082D000FF30F6E6204606F0EDFC2246431C294618
:1082E000039805F050FA0028F1D12046099506F0D0
:1082F000E1FC082301307E990A9009AA039805F051
:1083000042FA003818BF01204042DAE61198431EB5
:10831000012B43D91E2806D80328C4D9404BC3409B
:1083200003F00100CDE65B2838D042F20F7398428B
:1083300034D0A0F1580460426041C2E6039A102391
:108340007E990398D43205F01EFAACE7354C0BAA9F
:1083500020686168139E03C2DDE911532089A17A68
:1083600010809170002DB2D0002EB0DDFF2BAED862
:1083700003F00F021B11413241330BA88DF831205D
:108380008DF8303006F096FC013086429FD30BA862
:1083900006F090FC2946431C0BAAAFE7012090E6AB
:1083A000600727D5059B1BB30024039B1E4ED3F803
:1083B000F050AB7B9C420CD26B7BE340D90701D4DD
:1083C0000134F6E7039806EB041105F0C9FAC2017F
:1083D000F6D5AB7B9C4201D1002007E004F160613F
:1083E00001F581710398090105F0BAFA059B18603F
:1083F000052072E545B9E30706D5049B187C0230D9
:10840000C0B26AE5022068E5042066E5378400080A
:108410002D840008AC000020C2110108CF11010812
:108420003062FB79E0110108281000E0084611468F
:108430001A4606F031BC084611461A4606F02CBC16
:1084400037B504461E4905F08BFA206E10F0010581
:1084500008D10120FCF750FC2846FCF74DFC0A200F
:10846000FDF7E6FF2046164905F07AFA820104D4AA
:108470002046144A144905F080FA636B0BB120467C
:1084800098474FF47A7101A8FAF74BFD0C4D294635
:10849000204605F065FA830104D501A8FAF74CFDE2
:1084A0000028F4D00A20FDF7C3FF1F222046074909
:1084B00005F063FA204605F054F903B030BD00BF63
:1084C000F0ED00E00400FA050CED00E030ED00E016
:1084D000F8B504460025D0F8F060194FF37BAB42A5
:1084E0001DD80025174FB37BAB4220D82046FFF79D
:1084F000FDFA15498269204605F03FFA2046134AE5
:10850000134905F03AFA2046124A114905F035FAA6
:108510002046BDE8F840104A0D4905F02EBA07EB99
:1085200085010022204605F028FA0135D6E707EB41
:1085300005110022204605F020FA0135D3E700BFDF
:10854000082000E0281000E0FCED00E003005FA040
:10855000F0ED00E001005FA000005FA02DE9F04F0A
:108560002B4B87B01B682B4A01932B4B0D461B6886
:1085700006460093294BA9461B6806F031F90027EF
:108580000446DFF89C800DB1A5EB04093B46301989
:108590004246494606F024F901370D2F0444F2D132
:1085A000204B214F0493214BDFF88480DFF884B007
:1085B000DFF884A0214A05930DB1A5EB040917F853
:1085C000010B049B5BF8200013F801CB0599049381
:1085D00018F8013B02905AF82C00CDE9003051F810
:1085E000043B30190591494606F0FAF8144B134A3A
:1085F0009F420444E0D10DB1A5EB04094946114A5C
:10860000301906F0EDF8204407B0BDE8F08F00BF48
:10861000CC000020EB110108C8000020C40000209D
:1086200028120108541401085E1401082C140108D2
:1086300020140108B8000020B000002047120108F3
:1086400068140108691201082DE9F84307460E462F
:10865000FFF784FF04461EBB0546344678192146C1
:10866000134A06F0BDF84FF00008DFF848900544C3
:1086700006B1741B434678194A46214606F0B0F805
:1086800008F10108B8F1100F0544F1D106B1741BCF
:108690002146094A781906F0A3F82844BDE8F88372
:1086A000064806F007FB251A341B0444D6E700BF32
:1086B0007D120108C2120108691201087312010833
:1086C00070B5056E15F002050FD000210846FFF7C2
:1086D000BBFF441C204605F0E5FD064618B12146C7
:1086E00045B1FFF7B1FF304670BD29462846FFF778
:1086F00035FFEEE7FFF732FFF5E700002DE9F74F12
:108700008946D0F8F01007464D8965B116481749DB
:10871000AD00002B14BF82468A46FC6E09EB0206B0
:10872000C5F1000B14B903B0BDE8F08FD4E9002304
:1087300002EB0308B04528BFB04691452CBF0BEAB9
:1087400009030BEA02039845019301D8A468E9E7FD
:108750003846FFF7CBF9042351460DEB0302FEF731
:1087600069FB019B2B44EEE770EF00E068EF00E04F
:108770002DE9F04114461D4607462A460E460023C1
:108780002146FFF7BBFF3846FFF7B0F943682246A2
:108790005F6A31462B46BC46BDE8F04160472DE993
:1087A000F0411C4607460D46164601232246FFF7B8
:1087B000A5FF3846FFF79AF9234632462946BDE819
:1087C000F041FEF737BB0000F7B50446FFF78EF91E
:1087D000012208264368204683F82D20D4F8F05063
:1087E00004F0BFFF204605F02DF82046AA69324963
:1087F00005F0C3F81F222046304905F0BEF8304985
:10880000EE73204605F0ACF8EA7BC0F303139A42FE
:108810004FEA107088BFEB736861AE732046294938
:1088200005F09EF80026AA7B030FB2EB107F264FBF
:1088300088BFAB732E73EB7BB3422BD80026234F3C
:108840006E73AB7BB3422DD8032220461C4905F042
:1088500094F81F49204605F083F820461C4905F08E
:108860007FF8820126D50020FCF746FA4FF47A7192
:1088700001A8FAF756FB164D2946204605F070F878
:10888000830117D501A8FAF757FB0028F4D0002080
:1088900003B0F0BD07EB86010022204605F06DF81D
:1088A0000136C8E707EB06110022204605F065F8FF
:1088B0000136C6E70120EBE7FCED00E030ED00E01B
:1088C000002000E0001000E0082000E0281000E098
:1088D000F0ED00E0132903D8074B53F8210070474F
:1088E000036E9B0704D5342902D8044B1439F4E7EE
:1088F0004FF0FF30704700BFA4140108F4140108C2
:10890000032B38B504460D460FD91268084905F007
:1089100034F829462046FFF7DDFF064940F480324F
:10892000204605F02AF8042038BD4FF0FF30FBE761
:10893000F8ED00E0F4ED00E0032B38B504461546F1
:108940000DD9FFF7C7FF07490246204605F015F885
:108950002046054905F004F82860042038BD4FF092
:10896000FF30FBE7F4ED00E0F8ED00E0012938B559
:1089700004460CD190F8E8100C4A0D4B0D48002924
:1089800014BF11461946F9F788FA012038BD556819
:10899000284606F08FF908490246284606F072F884
:1089A000B0FA80F35B0984F8E830EEE721FD0008B7
:1089B0005FFE0008EE120108F600010810B44469D9
:1089C0001346A4460A4610BC002160472DE9F8432F
:1089D0008A680D46097907460129D0F8F03008D099
:1089E000023902297FD80026987BB04230D813D0B4
:1089F00032E0596959B912F0020F22F0604114BFF8
:108A00004FF000424FF0804221F003010A4300245E
:108A1000D87BA04203D806D14FF0FF3014E0197B79
:108A2000E140CE0712D40120197BA0400143197305
:108A300004F1605101F60201384642F0010289005A
:108A400004F09BFF2C610020BDE8F8830134E0E7CF
:108A5000597BF140C90714D40120597B06F16064A9
:108A6000B04004F58174014324015973384621460E
:108A700004F083FFEB6804F10409012B03D8002202
:108A80000CE00136B1E703F1FF384046F9F74EFB41
:108A90001E281DD84046F9F749FB0246494638468C
:108AA00004F06BFF3A6E2B79D243032B4FEAC222BC
:108AB00004F1080102F400620CD0042B0DD0022B4B
:108AC0000ED142F00602384604F057FF2E61BAE795
:108AD0001F22E3E742F00502F5E742F00702F2E762
:108AE0004FF0FF32EFE70120AEE700002DE9F84339
:108AF0000E460746FEF7FAFF0446426943684FF404
:108B000080711B6A42F0020298474FF482711C4A3E
:108B10006068FFF753FF237A60681B0645690822E7
:108B2000002143F01003DFF85C80A84706F14C09F0
:108B3000351F4FF48A7158F8042B6068FFF73EFF29
:108B400060684FF48C71C368984745F8040F4D4531
:108B5000EFD13B6E9B0711D50B4FD0364FF48A7186
:108B600057F8042B6068FFF729FF60684FF48C7199
:108B7000C368984745F8040FAE42EFD1BDE8F883CB
:108B8000F0ED00E0A4140108F41401082DE9F84305
:108B90000E460746FEF7AAFF0446426943684FF4B3
:108BA00080711B6A42F0020298474FF482711E4A9C
:108BB0006068FFF703FF237A60681B064569082297
:108BC000002143F01003DFF86480A84706F14C0948
:108BD000351F55F8042F4FF48C716068FFF7EEFED7
:108BE00058F8042B4FF48A71606842F48032FFF722
:108BF000E5FE4D45EDD13B6E9B0713D50C4FD036AE
:108C000055F8042F4FF48C716068FFF7D7FE57F8C2
:108C1000042B4FF48A71606842F48032FFF7CEFE75
:108C2000B542EDD1BDE8F883F0ED00E0A4140108F1
:108C3000F4140108F7B5064604F0BCFC044610B96C
:108C4000002003B0F0BD3046FDF783FE736893F853
:108C50003420012A40F2C1805A8F002A00F0BD80E2
:108C6000A4F8F8209A8FC4F8FC2040F67F42B4F8AC
:108C7000F810914206D140F67522DB8E934208BF70
:108C8000A4F8F8301C21012005F0F0FA0546002870
:108C9000D6D0B34BC4F8F000C4F8F4304FF0E02362
:108CA0004360B04B0660E360AF4B20462361AF4B9F
:108CB0006361AF4B6367FEF745FFAE4BAE49636040
:108CC000AE4B2046A36004F04BFE40F470063246E3
:108CD0002046A94904F051FEA749204604F040FE71
:108CE000A74B0746E361A74B20462362A64B626F62
:108CF0006362A64BA649A362A64BE362A64B23631D
:108D0000A64BA363A64BE363A64B23645023A36146
:108D1000A54B6364A54BA36404F034FCB74206D1B1
:108D2000236E43F002032366A3698433A361A04B3F
:108D3000AB61FBF7FDFF0646D8B1AA699D49204605
:108D400004F01BFE2046FFF71DF80020FBF7D4FFC0
:108D50004FF47A7101A8FAF7E4F8974F39462046A4
:108D600004F0FEFD810104D501A8FAF7E5F800281A
:108D7000F4D02046914904F0F3FD430F042B31D188
:108D8000012200F00F0302FA03F32B81C0F3034327
:108D90009A406A8126B100222046864904F0EDFD02
:108DA000D4F8FC20B4F8F8108548F9F776F840F2CA
:108DB0003B42B4F8F830934200F04C8140D8202B6D
:108DC00032D8142B12D80E2B6FD0D4F8FC20B4F864
:108DD000F8107C48F9F761F86BE0328CA4F8F820C1
:108DE000728C40E7204604F0BCFCD3E7153B0B2B0C
:108DF000EBD801A252F823F039900008CB8D00087F
:108E000029900008CB8D0008CB8D0008CB8D000881
:108E1000CB8D0008CB8D0008CB8D0008CB8D0008D2
:108E2000E38F0008E78E0008B3F5117F00F0CC80D7
:108E300040F223429342C8D1204605F077F840E043
:108E400040F61312934200F0F38010D840F27362A0
:108E5000934200F0E58040F25172934237D040F2E5
:108E600001529342B1D1204605F060F829E040F666
:108E70007522934200F04A81B3F5004FA5D12046F8
:108E800005F054F8A8B9204604F06BFC204605F024
:108E90004DF870B9204604F064FC204605F046F811
:108EA00038B9204604F05DFCDDE7204605F03EF8C9
:108EB00008B10120C5E6204604F053FC204605F029
:108EC00035F80028F5D1204604F04BFC7DE720461C
:108ED00000F09CFE0028ECD1204604F042FC204625
:108EE00001F036FFEDE7204601F030F80028E0D130
:108EF000204604F036FC204601F0C8FE0028D8D1F8
:108F0000204604F02EFC204602F0E4FC0028D0D1DC
:108F1000204604F026FC204603F01CF80028C8D1A7
:108F2000204604F01EFC204604F042FA0028C0D17E
:108F3000204604F016FC204603F012FD0028B8D1AC
:108F4000204604F00EFC204604F03AF90028B0D187
:108F5000204604F006FC204602F0C0FAB1E700BF4C
:108F6000F57A0008097B0008718700089F870008D0
:108F7000A6FE0008C987000888ED00E0D18400083B
:108F8000C1860008ED8A00088D8B00083989000829
:108F9000681401080189000841840008857D0008E3
:108FA000757E0008E57D0008CD890008117D000868
:108FB00001040001FCED00E0F0ED00E07CED00E0DC
:108FC0001213010832130108204604F0AFFF0028F5
:108FD0007FF46FAF204604F0C4FB204604F0A6FFE8
:108FE0006FE7204604F0A2FF00287FF462AF20461E
:108FF00004F0B7FB204604F099FF00287FF459AF36
:10900000204604F0AEFB204604F090FF00287FF4D9
:1090100050AF204604F0A5FB204604F087FF50E740
:10902000204604F083FF4CE7204604F07FFF48E72A
:10903000204604F07BFF44E74DF21022A36F23F09B
:109040000F031B041B0C93427FF4BFAE204604F0B9
:109050006DFF36E7D4F8FC30B3F5986F0CD120469D
:1090600004F064FF00287FF424AF204604F079FB6D
:10907000204604F05BFF24E740F27142934249D05E
:109080006FF4986213440A2B3FF69FAE0A2B3FF60B
:109090009CAE01A252F823F0678E0008CB8D000829
:1090A000C590000841910008CB8D0008CB8D0008C9
:1090B000CB8D0008CB8D0008CB8D0008CB8D000830
:1090C000D9910008204604F031FF00287FF4F1AE6A
:1090D000204604F046FB204604F028FF00287FF4D9
:1090E000E8AE204604F03DFB204600F02FFF0028AC
:1090F0007FF4DFAE204604F034FB204604F016FF78
:1091000000287FF4D6AE204604F02BFB204600F06A
:10911000CBFED6E6204604F009FF00287FF4C9AE56
:10912000204604F01EFB204604F000FF00287FF4D8
:10913000C0AE204604F015FB204600F05BFEC0E602
:10914000204604F0F3FE00287FF4B3AE204604F07E
:1091500008FB204604F0EAFE00287FF4AAAE204671
:1091600004F0FFFA204604F0E1FE00287FF4A1AEEF
:10917000204604F0F6FA204604F0D8FE00287FF4DA
:1091800098AE204604F0EDFA204600F0A3FD00283A
:109190007FF48FAE204604F0E4FA2046FEF70CFC84
:1091A00000287FF486AE204604F0DBFA204604F067
:1091B000BDFE00287FF47DAE204604F0D2FA2046A2
:1091C00004F0B4FE00287FF474AE204604F0C9FA1F
:1091D000204604F0ABFE74E6204600F017FD70E672
:1091E0002DE9F3411D460446174601232A460E4643
:1091F000FFF784FA2046FEF779FC9DF820204368AB
:10920000009231463A46D3F828802B46C047204684
:1092100004F0A7FA02B0BDE8F08100000D4A70B575
:109220000346002514461068164610B9C3E900002D
:109230000BE0766814320E40864208D1142202FBFD
:109240000542D2E9030183E80300184670BD0135E9
:10925000E9E700BF3C16010838B50D46044628B9B9
:1092600001464FF40072074805F0CAFB054810227A
:1092700000EB0410294605F00FFD034B01341C6080
:1092800038BD00BFF8120020F41200202DE9F04F85
:10929000002485B0734D744E04F03CF94FF4007215
:1092A00021467248346005F0ABFBFCF757FB2B6896
:1092B000984703210120AB689847A0466C4FDFF820
:1092C000ACB120233A460021D5F80CC0CDF8088077
:1092D00002A8E047DDF80890B9F1FF3F27D101214E
:1092E0004FF0000A08466B68984702210120AB68DE
:1092F0009847D34634605446DFF870810421032038
:10930000AB689847D8F8001002A8FFF787FF9DF8D0
:109310000C70012100206B689847AFB1029BE340BD
:1093200003F0010383420FD00020306004E0202CC2
:1093300005D10020C6F8008005B0BDE8F08F2301FC
:1093400043F80B900134BCE70134E4B2002F40F045
:109350008680F8B1012CDCD0022C5DD0B7FA87F3FF
:109360005B09E41A08EB0B12E4B20BF1010B9472E7
:1093700082F80BA0C2F804904FEA0B1258F80210C2
:1093800002A80193FFF74AFF019BA2449DF80C70CD
:109390001C46BEE7002CE1D0212CBAD1C4E73368CB
:1093A000A342C1D101216B680846984701200221E0
:1093B000AB68984730680028BED008EB00108045A5
:1093C0000AD1002414253068A04221D9294B00215C
:1093D00099464FEA041C08E010F8063C00F8047CAB
:1093E0003B44DFB21038EAE701311F689E466FB197
:1093F000DEF8040058F80C2014331040B842F3D1C2
:1094000005FB019293680BB1E0B298470134DAE7AB
:10941000003818BF01208FE701216B680846984784
:1094200021460120AB68984703210120AB6898478B
:109430003C46DFF83890012100206B6898470028EF
:10944000ADD13268E1B2531E01345B1AA24289F8F1
:10945000081089F8093009F11009ECD264E7BC4220
:109460009AD17BE7580E0020F4120020F812002059
:10947000781601083C16010873B51A4C050104EB77
:109480000010436801918B4226D0174B2246186882
:109490004FF0FF360023984202F110021ED12C44F7
:1094A000124D0320AB6861600421984700202B69AE
:1094B000E27A0F499847207B2B69B0FA80F0A27AB4
:1094C00001A94009984701202B690949227B984747
:1094D00002210120AB68984702B070BD42F80C6CC5
:1094E0000133D8E7F8120020F4120020580E0020B3
:1094F000781601082DE9F04707468A46184C194DA1
:109500000321012098464FEA0719A36805EB0717C6
:1095100016469847002023693A7A13499847787A83
:10952000BAF1000F13D0B0FA80F1434632465046EC
:10953000E7684909B8474D44236901206A7A0A4916
:109540009847A3680221BDE8F04701201847B0FA08
:1095500080F042463146236940099847EBE700BF57
:10956000580E0020F81200207816010838B504467D
:10957000094D0A4A0D44294604F0FFF929462046C0
:10958000074A04F0FAF92046064904F0E9F980F0A8
:109590008000C0F3C01038BD04200240230167459D
:1095A000AB89EFCD1020024038B5074C05460C447E
:1095B000214604F0D5F9214640F020022846BDE8B6
:1095C000384004F0DAB900BF0C200240F8B5054677
:1095D00016460D4F0F443946284604F0C1F904469B
:1095E000284604F0BEF868B916B1304604F09EF87B
:1095F00004F02103012BEED014F0140F0CBF012056
:109600000020F8BD0020FCE70C20024038B50446DD
:109610000B4D0021FFF7C8FF294620464FF4087282
:1096200004F0ABF9294620464FF4187204F0A5F96E
:1096300000222046BDE838401146FFF7C7BF00BFF3
:1096400010200240F8B504680E46D4F8FC301B4DDB
:10965000B3F5866F1ED0AE4228D94025184F294653
:109660002046FFF7A1FF20467919022204F085F970
:10967000144932462046294404F07FF920467919DE
:10968000422204F07AF929462046BDE8F84000223B
:10969000FFF79CBF013A0A44AA42DCD94021204688
:1096A000FFF764FF0028D6D10020F8BD0021204636
:1096B000FFF75CFF0028F7D00025CFE7FFFF070882
:1096C0001020024014200240F8B504460F46012045
:1096D000402116461D4604F0C9FD014680B14FF4F5
:1096E00080630361074BC0E901760362064BC560E6
:1096F0004362FF2303762046BDE8F84003F0B2BF83
:10970000F8BD00BF459600080D9700082DE9F3410C
:109710009846384B0E469942174604685ED8364D37
:1097200001EB0803AB4222D96D1A00212046FFF756
:109730003BFF01222046314904F01FF940F21E632D
:10974000B4F8F8209A4240D1A26F2D4B9A423CD1F6
:109750002B463A463146204604F015F800222046B2
:109760001146FFF733FF30B902B0BDE8F08145463E
:10977000B8F1000FD9D1D4F8FC30B3F5866F36D1EB
:10978000B8EB050833D040212046FFF70DFF01223A
:1097900020461C4904F0F1F840F21E63B4F8F800CA
:1097A0007119984207EB05021AD1A06F144B984229
:1097B00016D14346204603F0E6FF00224021204612
:1097C00002B0BDE8F041FFF701BF01233A46009324
:1097D00031462B462046FFF703FDBFE70025CAE7C9
:1097E0000123204600934346FFF7FAFCE5E70120FA
:1097F000BAE700BFFFFF070800000808102002407A
:1098000022000080502002404EF6F07208B5836FAF
:109810001A40B2F5424F05D1084904F0A1F8C0F34F
:109820000B0008BD4DF2102223F00F031B041B0C8C
:1098300093420CBF02490349EFE700BF00580140C3
:10984000004004E0002004E0F8B504460D46174649
:10985000FFF78CFEA8B10B4E29462046FFF7A4FE69
:1098600020467119042204F088F820467119442218
:1098700004F083F83A4629462046BDE8F840FFF751
:10988000A5BEF8BD10200240F8B504460D461F469F
:1098900000211646FFF788FE204614494FF4047253
:1098A00004F06BF805F18050A0F580604100BFB175
:1098B0006FEA064220466FEA124204F05EF8002288
:1098C00020461146FFF782FE48B945B920460849AF
:1098D00004F046F800F01400031F58425841F8BD48
:1098E0003246204604F062F8E9E700BF102002404B
:1098F0000C20024013B500210446FFF737FEA0B14B
:109900004FF4FA7101A8F9F70CFB0021204601AAD7
:10991000FFF79AFF48B1D4F8FC30B3F5866F04D155
:109920004021204601AAFFF78FFF02B010BD0000C2
:109930002DE9FF4789467A490546904604F010F81C
:10994000B9F1020F00F0020640F0E5807549D8F841
:10995000040005F097F9B0FA80F4640956B140B1FB
:109960002846714904F072F80127384604B0BDE872
:10997000F087012400212846FFF7F8FD0746A8B329
:1099800028466A4A6A4903F0F8FF2846694A684946
:1099900003F0F3FFA4B32846FFF738FE30B3D5F841
:1099A000FC20B2F5826F23D1AB6F23F00F031B04B1
:1099B0001B0CA3F552414B424B4140F222418A42DB
:1099C00018D0A2F23242162A17D85B4921FA02F2C5
:1099D00045F2AA5112F0010F45F6A52218BF0A461A
:1099E00000212846FFF750FF00286DD10027BCE773
:1099F0000023E2E745F2AA52F2E745F6A522EFE797
:109A0000B9F1030F40F0828022462146D8F80400C5
:109A100004F06EFD06462246D8F80800214604F000
:109A200067FD06F1604303F500630F2B80464FEAA4
:109A30005309DBD8264606F100512846A1F50061FE
:109A400003F08EFF4FEA560A04AB03EB4A0323F8F8
:109A5000100C043604AB03EB4A0A000C102E2AF853
:109A60000E0CE8D14FEA490603EB490939F8103CDE
:109A70001FFA88F8984527D04FF6FF72934204D01A
:109A80002846FFF7C3FD0028B0D006F110030DEB08
:109A90000306D5F8FC3026F8108CB3F5826F08D198
:109AA000AC6F24F00F042404240CA4F552435C4250
:109AB0005C41E84600264FF6FF7938F8022B4A450C
:109AC0001CD10136082EF8D11C4CDFF87480DFF869
:109AD00074902146284603F043FF0646224683B28F
:109AE0004146284603F0B2FFA21C41462846330CEB
:109AF000043403F0ABFF4C45EBD136E72346314647
:109B00002846FFF7C1FE0028DBD16FE728460E4943
:109B100003F09CFFD8E7002E7FF422AF344629E7FC
:109B20001C200240801601088616010823016745A3
:109B300008200240AB89EFCD4140590000F8FF1FDB
:109B40001B17010810F8FF1FD91601082DE9F04F67
:109B50000F4685B09DF838809346424623FA08F6B2
:109B60000546FDF74DF80123B9463C4603FA08FACD
:109B7000A8F10203DBB20193ABEB0701214436B934
:109B80000C216868C36805B0BDE8F04F1847002392
:109B9000B8F1010F039329D01BD9019B012B2DD9BB
:109BA00068684FF48672436900219C46039BE04736
:109BB0005444154A89EA0403134208D068682346CE
:109BC000D0F814904FF482720021C847A146013E9C
:109BD000D2E701220DF10A0005F05EF89DF80A3087
:109BE00043EA032343EA03430393D9E702220DF137
:109BF0000A0005F051F8BDF80A30F3E7042203A883
:109C000005F04AF8CCE700BF00FCFFFFF8B50446BA
:109C1000FFF7FAFDB0F5836F054645D008D8B0F5DB
:109C2000826F2FD040F2144398423FD00020F8BDFD
:109C3000B0F5866F3AD040F244439842F6D14FF4E3
:109C400000571C4A1C496267204603F089FE0646FD
:109C50001A4B020C4FF00051204623659202C4F8C3
:109C6000FC5003F0F1FCB2B23B464FF000612046DD
:109C70009202FFF729FD2046626F114903F082FC32
:109C80000120D4E7A36F23F00F031B041B0CB3F5D3
:109C9000524F0DD04CF240200A4A0B49834208BF74
:109CA0000A464FF48067CDE7084AFAE7064AF8E724
:109CB000074AF6E739170108E0F7FF1FF598000893
:109CC000A4180108491701082B17010832170108C9
:109CD000401701084CF24022836F10B523F00F03A8
:109CE0001B041B0C9342044601D0002039E03A4982
:109CF00003F036FE394920F47F6222F00F028A42D7
:109D0000C0F30B032ED140F2D222934209D8B3F50F
:109D1000337F11D8A3F510739BB2142BE5D83048CC
:109D200006E0A3F551739BB20F2BDED848F28F10DB
:109D3000D84010F0010014D04FF400634FF480229B
:109D40004FF000612046FFF7BFFC4FF4C0324FF0E8
:109D50000051204603F078FC224B01206367224B20
:109D6000236510BD21498A42BFD140F2CD129342F2
:109D700011D0B3F5E77F13D2B3F5857F07D8B3F5DC
:109D8000847FB2D34FF400634FF4803212E0A3F526
:109D9000E273032BA9D84FF400634FF4003209E0BB
:109DA000B3F5117F14D2B3F5107F9ED34FF4006347
:109DB0004FF480224FF000612046FFF785FC4FF4FE
:109DC00000424FF00051204603F03EFC084BC4E730
:109DD000B3F5137FEAD088E7002004E000000570A7
:109DE0000F06100050170108F598000800000370D6
:109DF0005E170108F8B52449044603F0B1FD054695
:109E0000204603F0AEFC00283BD1204B9D4230D0D1
:109E100003F5005306339D422FD0A3F59113A3F50C
:109E2000FF53063B9D4223D104222027184E194B95
:109E3000C5F30B054FF00051204623659202C4F88C
:109E4000FC50666703F000FC4FF480634FF0006144
:109E50002046BA02FFF738FC324620460E4903F08E
:109E600091FB2046FDF742FE436801200B4A9A62AF
:109E7000F8BD082280270A4ED9E70C228027094E18
:109E8000D5E70020F4E700BF00340140918056CCB4
:109E900070170108F5980008A41801084D9B0008E8
:109EA000671701087B1701082DE9F0412049054695
:109EB00003F056FD0646284603F053FCB0BB1D4B8D
:109EC0009E422DD01C4B9E4228D1044680224FF446
:109ED00000781A4F1A4BC6F30B064FF00051284674
:109EE000C5F8FC606F672B65920203F0ADFB34B1DF
:109EF0004FF400324FF04051284603F0A5FB4FF4D9
:109F000080634FF0006128464FEA8822FFF7DCFBB0
:109F100028463A460B4903F035FB0120BDE8F081A5
:109F2000802420224FF48078074FD3E70020F5E704
:109F30008070004000084D4DE7A09ACC86170108BC
:109F4000F5980008A418010890170108F8B5044610
:109F5000FFF75AFC804BB0F5896F064623650BD896
:109F6000B0F5866F0BD240F29B2398426FD0A0F5DC
:109F700082639BB2182B41D900202065F8BDA0F563
:109F80008663182BF8D801A252F823F0CBA0000862
:109F9000799F000823A00008799F0008799F000896
:109FA000799F0008799F0008799F000815A0000894
:109FB00023A00008799F0008799F0008799F000876
:109FC000799F0008799F0008799F00084BA100083D
:109FD000799F00083BA10008799F000847A100086D
:109FE000F19F000815A00008799F00080BA1000848
:109FF0005A4B4FF480674FF400458BE00125584AD7
:10A0000005FA03F10A40002A45D1564A0A40F2B93E
:10A01000122BB1D14FF480424FF08051204603F013
:10A0200013FB514D4FF480324FF0005120466567CD
:10A03000C4F8FC6003F008FB4FF400224FF4006307
:10A040004FF000612046FFF73FFB2A4638E04FF40F
:10A05000A0424FF00051204603F0F6FA4FF480631F
:10A060004FF400324FF000612046FFF72DFB3F4ACE
:10A070003F49204603F086FA2046FDF737FD3D4B69
:10A08000C1683D4AC4F8FC60B1F1005F38BF1346B7
:10A090006367012072E7394B4FF480324FF0005173
:10A0A0006367C4F8FC00204603F0CEFA4FF40022A8
:10A0B0004FF400634FF000612046FFF705FB304A84
:10A0C00020462B4903F05EFAE3E72E4B4FF4C032F3
:10A0D00063674FF486634FF000512046C4F8FC30AC
:10A0E00003F0B2FA4FF400634FF400224FF0006126
:10A0F0002046FFF7E9FA4FF400224FF400632046B0
:10A100002149FFF7E1FA214ADAE74FF400674FF4FB
:10A1100000351F4B4FF4A0424FF0005120466367BB
:10A12000C4F8FC6003F090FA2A463B464FF0006109
:10A130002046FFF7C9FA174AC2E74FF400674FF409
:10A140008025154BE6E7154B53E74FF480674FF436
:10A150008035134BDEE700BFF5980008E0170108D3
:10A160001001000105000100731801081218010810
:10A17000A41801089A170108B91701082A1801083C
:10A180003E1801085018010800000808641801086A
:10A19000001801087B180108D017010809180108E8
:10A1A000F017010840F25243984210D040F2194390
:10A1B00098420ED0A0F2344080B21D280BD8074B35
:10A1C000034113F0010F0CBF022001207047032050
:10A1D0007047022070470120704700BFFEFFDFDF9D
:10A1E000F8B505460E460B4F3946284603F0B8FB36
:10A1F00010F0F20F04460BD1284603F0B2FA38B93A
:10A2000016B1304603F092FAE303EDD40120F8BD15
:10A210000020FCE70C3C02402DE9F3410C461646B9
:10A220001F4690F840800568A1F50013B3F1FC6F5C
:10A230004FEA082238BF01F1FC642846094942F080
:10A24000010203F09AFB21463B4632462846CDF8F0
:10A250000080FEF7C5FF0021284602B0BDE8F041AE
:10A26000FFF7BEBF103C024010B50446436E0449E0
:10A270001A6803F082FB2046BDE81040FEF728B9BB
:10A28000042004E010B50949044603F069FB0028E6
:10A290000BDA2046064A074903F06FFB2046BDE86B
:10A2A0001040054A034903F068BB10BD103C024052
:10A2B00023016745043C0240AB89EFCD2DE9F84FFF
:10A2C0004FF002080768064638460C469346FFF7EB
:10A2D000D9FF3D6F1E4B95B97368DFF87890E41A8B
:10A2E000F3684FEA0828B4FBF3F496F841301C44B5
:10A2F000194BE4B25D4509D30120BDE8F88F6A6AC5
:10A300009A4208BF95F84080ED6BE4E748EAC40A3A
:10A310004AEA03024946384603F02FFB0F4A4946F2
:10A3200038464AEA020203F028FB00213846FFF7CC
:10A3300057FF0028E1D096F842200134064BE4B2E2
:10A3400012B1A24208BF1024F2681544D2E700BF40
:10A3500019A20008103C02400200000302000103A1
:10A3600037B5056F0446FFF78DFF95F8423048F288
:10A370000405002B08BF042520462A46094903F09E
:10A38000FCFA45F480322046064903F0F6FA01A8AB
:10A390004FF4FA71F8F7C5FD204601A9FFF720FF39
:10A3A00003B030BD103C0240012938B5044619D134
:10A3B0000223026F214972B9013BDBB2022B98BF25
:10A3C0001F4A204694BF52F823201E4A1E4903F01C
:10A3D0003DFB012021E0506A884208BF92F84030DE
:10A3E000D26BE8E755681749284604F011FB03468D
:10A3F000A8B12846154904F00BFB78B1284614494A
:10A4000004F006FBB0B12846124904F001FB98B1F4
:10A410002046114903F01AFB002038BD0123226FAA
:10A420000649002AD5D0506A884208BF82F84030D9
:10A43000D26BF6E70223F2E70323F0E719A2000844
:10A44000E81A0108FD170108BC180108D91801080D
:10A45000DD180108E1180108E51801082DE9F843A5
:10A4600004460F460120442116461D469DF82090C3
:10A470009DF8248003F0FAFE0146B8B10C4B80F839
:10A48000419003620B4B80F8428043624FF480633B
:10A490000361FF230376022380F84030C0E9017690
:10A4A000C5602046BDE8F84303F0DCB8BDE8F8839A
:10A4B000BDA2000819A200080B68F7B523F003033A
:10A4C0000B600D4635490446164603F049FA8306EB
:10A4D00013D400F47F40B0F52A4F0ED02B6803F45C
:10A4E0007F42B2F53B4F08D023F47F4343F43B4314
:10A4F00020462B492B6003F0A9FA2046294A2A4915
:10A5000003F03BFA20462849284A03F036FA002196
:10A510002046FFF765FE00283DD0B4F8FC703846B1
:10A52000FFF740FE012811D9012E0FD020466A689E
:10A530001F4903F022FA40F252439F4206D1022EF5
:10A5400004D02046AA681B4903F017FA20462A685F
:10A55000124903F012FA2A68204642F002020F491B
:10A5600003F00BFA2046144903F070FA642101A8A5
:10A57000F8F7D7FC204601A9FFF732FE58B1204674
:10A580000E4903F063FA20460122044903F0F5F96D
:10A59000204603F053F903B0F0BD00BF143C024065
:10A5A0000C1901083B2A1908083C02407F6E5D4CDB
:10A5B000183C02401C3C024042190108CFFC000834
:10A5C00040F249429042034610B53FD02CD840F2A9
:10A5D0003442904220D8B0F5836F07D840F2114240
:10A5E00020F0020393424DD0002014E06FF4836208
:10A5F000821801202D4C00FA02F21440002C47D1A1
:10A600002B4C224034D140F22344A342ECD10A68BF
:10A61000284B13400B6010BD40F241429042E3D101
:10A620000B6823F0E04330E0B0F58B6F36D011D8E3
:10A6300040F25142904223D040F252429042D3D154
:10A640008B6823F0004323F0FF038B600B6823F03B
:10A650007C5326E040F26342904224D040F26242B2
:10A660009042C1D9144A904202D006329042BBD1E6
:10A670000B684A6823F040530B60104B13404B604B
:10A680000120C8E70B6823F0704323F0100308E0B3
:10A690000B6823F0FE4323F01003BBE70A68084B66
:10A6A00013400B60ECE70B68EFE700BF000100050B
:10A6B00001000008EFFF3F80130451070000FF0F67
:10A6C000EFFF1F802DE9FF410446B0F8FC00FFF7C3
:10A6D00069FD02290D469046074640F0878056687E
:10A6E000304604F0E7FA0528024600F2B88030460A
:10A6F000634904F0A7F9002840F0B18040F25242CB
:10A70000D4F8FC30CDE9020093425FD051D840F23A
:10A710004942934260D046D840F21942934203D056
:10A7200040F23442934242D1564B0193564B02229F
:10A73000029301A92046FFF7BFFE0023204653499C
:10A74000CDE9023303F00CF9012F01900BD920461B
:10A750004F4903F005F9032F029004D120464D49DB
:10A7600003F0FEF8039001A9D4F8FC00FFF728FFDE
:10A770002046019A484903F069F9012F0BD9204678
:10A78000029A464903F062F9022F04D02046039A48
:10A79000434903F05BF92046424903F057F9012091
:10A7A00004B0BDE8F08140F25142934218D0354BDD
:10A7B00019E040F26342934214D040F26242934265
:10A7C000F5D9394A9342AFD00632ABE7374A384B16
:10A7D000CDE901230322ACE7344B0193344BA6E7C8
:10A7E000344BFAE7344B01220193A2E737DD566878
:10A7F000304604F05FFA0528024630D830462F492B
:10A8000004F020F9064650BB02460146CDE902009D
:10A81000D8F8080003F06CFE032D01900FD03246EB
:10A820003146D8F80C0003F063FE042D029006D0E8
:10A8300032463146D8F8100003F05AFE0390D4F89F
:10A84000FC0001A9FFF7BCFE20B1042DA8BF042520
:10A850006A1E6FE720461A4903F0F8F86DE7012FEA
:10A860000AD9184B1849194A032F08BF0B4620462E
:10A87000174903F0EBF860E7124A1346F7E700BF09
:10A880004A1C0108EDAAFF0F0000FF0F143C024014
:10A89000183C02401C3C0240D0190108DF19010895
:10A8A000F0190108CFFC000813045107FDAAFFC0EE
:10A8B00080004000FDAAFFFFFDAAFF7F501C010899
:10A8C00084190108F50001087A19010870190108B6
:10A8D0008B1901082DE9F74F40F23442D0F8FC30D3
:10A8E0000646934224D840F23242934200F2A980B5
:10A8F00040F22342934200F0A18016D840F2194260
:10A90000934200F0A18008D840F2114223F00203E4
:10A91000934207D14FF4806422E040F221429342F7
:10A9200000F08F804FF00008EEE040F23142F6E791
:10A9300040F25242934200F084800BD840F25141E1
:10A940008B4200F081809342ECD040F2414223F0F0
:10A950000803DDE740F263429342E3D14FF4C06461
:10A960003046FDF731FF80460028DBD040F2194326
:10A97000B6F8FC709F426CD040F234439F4266D0E0
:10A9800040F2514540F21343781B454245419F42F6
:10A9900060D040F2344AA7EB0A01D1F1000A4AEB39
:10A9A000010A6FF48962BB189BB2092B55D8B04AD3
:10A9B00012F9039040F249439F4251D040F2514373
:10A9C000FB1A5F425F410421012003F04FFC8346E4
:10A9D0000028A7D0A7497066304602F0C1FFA549FC
:10A9E000CBF8000040F00702304602F0C6FF3046C8
:10A9F00002F087FDB9F1000F40F01181BAF1000FAC
:10AA000006D04FF480324FF08051304602F01CFEE9
:10AA10004FF4A0224FF00051304602F015FE002DF9
:10AA200000F01C81B4F5006F1FD03046924902F04F
:10AA300097FF80F08040C0F380700CE14FF4807489
:10AA40008EE74FF400748BE74FF4006488E701252C
:10AA50009FE701254FF0010AA3E74FF00009ADE79A
:10AA60000127B0E7B4F5806F52D00C256402002FA7
:10AA700052D00023B4F5802F98BF1C464FF400320B
:10AA80004FF400113046CDE900354FF4004388BF44
:10AA9000A4F58024FFF7E2FC042300934FF4003375
:10AAA0004FF408111A4630460195FFF7D7FC54B110
:10AAB0000523224600934FF410114FF480233046B3
:10AAC0000195FFF7CBFC00234FF400324FF00061FB
:10AAD0003046009301954FF40043FFF7BFFC042379
:10AAE00000934FF4003330461A4664490195FFF74E
:10AAF000B5FC4CB105232246009330464FF4802329
:10AB00005F490195FFF7AAFC404603B0BDE8F08F0E
:10AB10000825ABE70025ACE7B4F5003FC24640F09E
:10AB2000A380B9F1000F0BD000234FF480320093C3
:10AB30004FF400114FF4804330460195FFF78EFC2F
:10AB400000234FF480324FF00061304600930195AE
:10AB50004FF48043FFF782FC042300934FF48033CB
:10AB600030461A4647490195FFF778FC4FB1052357
:10AB70003A46009330464FF4003340490195FFF7C1
:10AB80006DFCBAF1000FBFD0B9F1000F22D0002345
:10AB90004FF480323046009304F500114FF48043A7
:10ABA0000195FFF75BFC042300934FF4803330469C
:10ABB0001A46019504F50411FFF750FC57B105231F
:10ABC0003A46009330464FF40033019504F50811DE
:10ABD000FFF744FC102304F100644FF48032214657
:10ABE0003046009301954FF48043FFF737FC142360
:10ABF00000934FF4803330461A460195E118FFF771
:10AC00002DFC002F80D0152300934FF400333A46DB
:10AC100030460195E118FFF721FCD04674E74FF468
:10AC200080420021304602F00FFD4FF400324FF019
:10AC30000051304602F008FD4FF4C0223046124960
:10AC400002F002FD55B130460B4902F089FE80F05A
:10AC50000050C0F3407000287FF404AFA402002F1E
:10AC60007FF458AF3D46BA46A4F5003759E700BF18
:10AC7000401C0108042004E0143C024000000208CB
:10AC800000000408000001080000022010B5274958
:10AC9000044602F065FE40F21143C0F30B019942F5
:10ACA00020D14CF2402040F21342A36F23F00F0357
:10ACB0001B041B0C834208BF11461D4B20466360DA
:10ACC0001C4BC4F8FC10A3601B4B23656FF482631C
:10ACD000CA181A4B1A4953F82220626702F052FC34
:10ACE000012021E040F24143994212D840F2224330
:10ACF000994207D86FF482600A1892B2102A06D9D6
:10AD0000002011E0A1F223420E4B92B208E00E4B5C
:10AD100006E06FF489628A1892B21A2AF0D80B4BB7
:10AD2000D34013F00100C8D110BD00BF002004E0E3
:10AD3000D5A8000869A2000861A30008F41A010858
:10AD4000581C0108014003400501010001030004F3
:10AD500037B54749044602F003FE0546014645481B
:10AD6000F7F79BF8C5F30B01434B41F0EA6141F45F
:10AD70008031994202D0414A914277D1404A99426A
:10AD80006260404AA260404A22656DD03B4B3F4A18
:10AD9000994218BF002262672046C4F8FC103C4963
:10ADA00002F0F0FB204602F0ACFB4FF480324FF093
:10ADB0008051204602F048FC4FF4A0224FF0005191
:10ADC00020460C2502F040FC00234FF480324FF067
:10ADD00000612046CDE900354FF48043FFF73EFB8C
:10ADE000042300934FF4803320461A4629490195E5
:10ADF000FFF734FB05234FF46022204626490093D9
:10AE000001954FF40033FFF729FB10234FF48032F4
:10AE10004FF001612046009301954FF48043FFF706
:10AE20001DFB142300934FF4803320461A461B4920
:10AE30000195FFF713FB15234FF4602220461849B4
:10AE4000009301954FF40033FFF708FB20464FF4C1
:10AE500080234FF480124FF00261CDE90055FFF7D7
:10AE6000FDFA012003B030BD0E4A94E70020F9E757
:10AE7000002004E0131A01081304510719045107B4
:10AE8000C9870008D184000861A300080A1A0108D4
:10AE9000581C010800000108000002080000110809
:10AEA00000001208011A0108022970B50546466E15
:10AEB00012D1506806F10C01F5F768FE317B074BA3
:10AEC000074A00F00104002908BF1A462846054930
:10AED00002F0BCFD204670BD0120EFE75FFE0008D8
:10AEE00021FD00087C1C010838B50446054D064AC2
:10AEF000294602F042FD29462046BDE83840034A73
:10AF000002F03BBD0820024023016745AB89EFCD2D
:10AF100070B504460D460B4E3146204602F020FD2A
:10AF200010F4403F01D1012070BD204602F019FC11
:10AF300028B9002DF0D0284602F0F8FBECE70020FD
:10AF4000F2E700BF1020024038B5064D04462946FE
:10AF500002F006FD294640F000422046BDE8384098
:10AF600002F00BBD1420024010B504460122064930
:10AF700002F003FD20460022044902F017FD20469E
:10AF8000BDE81040FFF7E0BF10200240142002404F
:10AF9000022938B5044605D153681B78312B08D0F7
:10AFA000322B19D02046154902F050FD00252846C5
:10AFB00038BD134D2046FFF797FF2A46204611491A
:10AFC00002F0DBFC00212046FFF7A2FF054630B966
:10AFD0002046FFF7B9FFEAE74FF4C035EAE70A4930
:10AFE000204602F0BDFC05462046FFF7BDFF4CF2AF
:10AFF000FA331D420CBF01250025D8E7991C010832
:10B000000400010014200240102002402DE9F84FF6
:10B01000056881460C46284600211746FFF778FF51
:10B02000064628B92846FFF79FFF3046BDE8F88F4F
:10B030003849284602F094FC36490246284602F078
:10B040009CFC354B9C42EDD8D9F80030D9F80C2047
:10B05000D3F8FC1040F26743994208BFD9F8083092
:10B0600007F1FF3708BF4FEA5308D9F80430B7FBA0
:10B07000F2F708BF08F1FF38A4EB030428460CBF21
:10B08000B8FBF2F84FF0FF08B4FBF2F44FF0000900
:10B09000FFF72AFFDFF884B0DFF884A00137B94555
:10B0A0000ED31C49284602F05BFC04462846FFF7F5
:10B0B0005BFF4CF2FA331C420CBF01260026B4E7BA
:10B0C000FF2C01D844451DD8FF2C94BF0026012633
:10B0D000E30076031E4346F002025946284602F07A
:10B0E0004CFC46EA0A025946284602F046FC00217A
:10B0F0002846FFF70DFF0646002893D009F1010905
:10B100000134CCE74FF480744FF400634FF40056E1
:10B11000E0E700BF10200240FF6FFF1F1420024035
:10B120000200010070B50446456E0D4E2A68314696
:10B1300042F0006202F021FC2046AA68094902F0B0
:10B140001CFC20466A68084902F017FC204631467C
:10B150002A6802F012FC2046BDE87040FDF7B8B93D
:10B160003C100240085801400458014070B50446A4
:10B17000466EFDF729FB054600B31149204602F053
:10B18000EFFB0F4940F000623060204602F0F5FB13
:10B190000C49204602F0E4FB0A4940F006027060C8
:10B1A000204602F0EAFB0849204602F0D9FB064996
:10B1B000B06040F4C052204602F0DFFB284670BD6C
:10B1C0003C1002400458014008580140F8B50546BB
:10B1D0000F460120402116461C4603F047F8014661
:10B1E00070B1084BC0E901760362074BC46043624B
:10B1F000FF23037604612846BDE8F84002F032BA26
:10B20000F8BD00BF0DB000080DB200082DE9F041F7
:10B210000E4617464168244A046891429846636E78
:10B2200009D11D7B3DB92046204902F00FFC204684
:10B23000FFF79AFE20E02046FFF756FE0122204647
:10B240001B4902F09AFB43463A463146204602F03B
:10B250009AFA00212046FFF75BFE05460028E6D05B
:10B260002046144902F07CFB4CF2FA33184206D017
:10B270002046FFF779FE00252846BDE8F081B6F1AB
:10B28000006FD4D13146204602F06AFB0130CED0A7
:10B290002046094902F064FB074920F48032204629
:10B2A00002F06BFBC3E700BF0070FF1FBB1C01086F
:10B2B00014200240102002400020024037B504460E
:10B2C000FFF712FE124A2046124902F056FB4FF4D5
:10B2D000FA7101A8F7F725FE204601A9FFF718FE2D
:10B2E000054628B92046FFF73FFE284603B030BD8B
:10B2F0000949204602F034FB05462046FFF734FE9C
:10B300004CF2FA331D420CBF01250025EDE700BFCA
:10B31000048001001420024010200240F8B50446C9
:10B320000E46FFF7E1FD20461B4A1C4902F025FBB3
:10B3300020461A491A4A02F020FB00212046FFF756
:10B34000E7FD20B30025371D56F8351021B1204602
:10B3500057F8352002F011FB01350E2DF4D14FF4D2
:10B36000003220460F4902F008FB00212046FFF77B
:10B37000CFFD054658B120460A494FF0006202F061
:10B38000FCFA2046084902F061FB2846F8BD204639
:10B39000FFF7EAFD0025F8E73B2A19080C200240D8
:10B3A0007F6E5D4C14200240DD1C01082DE9F04742
:10B3B00088469CB00446154600217022684603F07A
:10B3C0001FFBB8F1020F1BD13C49686803F020FB5A
:10B3D000002856D140F24342D4F8FC30384923F0DB
:10B3E0001003934202BF6FF05502354B5A6020465E
:10B3F000FFF794FF00283AD001201CB0BDE8F08789
:10B400003FDD18F0010F3CD12E49686803F000FBC6
:10B410000646B0BB8146DFF8A8A0A8F102080022CA
:10B42000A868114603F064F8002207461146E86850
:10B4300003F05EF800235AF8332097421DD10DEB3C
:10B44000C3024DF833700136506009F10209C84556
:10B4500005F10805E3D856B19DF80420636ECC2AA7
:10B460002AD11B7B43BB2046174902F0EFFA204646
:10B47000164902F0EBFA0020BFE701330E2BDAD1B8
:10B48000E3E72046124902F0E1FA2046114902F0B2
:10B49000DDFA00250A4E104F56F83510204602F00E
:10B4A0005FFA56F83520034639462046013502F04A
:10B4B000CDFA0E2DF0D19FE7694698E78016010876
:10B4C000D0000020F41C0108BB1C0108631D01080A
:10B4D000FA1C0108171D0108531D010838B540F278
:10B4E0006643D0F8FC5004469D4216D008D840F27E
:10B4F00056439D425ED0B5F58C6F62D0002038BDBA
:10B5000040F267439D42F9D1314902F040FA314B94
:10B510004FF410328502636716E02F4902F020FADB
:10B5200040F25343C0F30B00984237D0A8423BD0BF
:10B5300040F243439842E1D14FF400454FF4C052EA
:10B54000264B6367C4F8FC004FF00051204602F020
:10B550007BF84FF400632A464FF000612046FFF766
:10B5600035FE1F4B204663601E4B1F49A3601F4BD7
:10B57000626F236502F006F81021012002F076FECA
:10B580000028BCD00023606603734FF4806220461D
:10B5900008231749FFF71AFE0120B0E74FF40045D2
:10B5A0004FF44052134BCCE74FF480354FF4005228
:10B5B000114BC6E7114B4FF480354FF4904243676F
:10B5C000C2E70F4B4FF400354FF410424367BBE71F
:10B5D000E075FF1FB11D010800580140871D0108DB
:10B5E0006DB1000825B10008241E0108BDB2000895
:10B5F0000070FF1F911D01087C1D01089B1D0108A3
:10B60000A61D010838B51C49054602F0A9F940F20B
:10B610007443040CC0F30B0098421ED040F28443E4
:10B6200098421CD11549284602F010FAB4F5805F03
:10B630001BD041F201039C4219D041F202039C420B
:10B6400017D041F207039C4214BF3F2258222846DC
:10B650000B4902F0FBF9012038BD0A49E3E728460F
:10B660006A6F094902F0F2F9E0E74122EFE75A2256
:10B67000EDE75922EBE700BF004004E0541E01084B
:10B680009D1E0108631E01086E1E0108F7B51049D2
:10B69000044602F0DBF90F4D0F4F104E29462046AD
:10B6A00002F05EF9C3B20193C0F307230093020EC8
:10B6B000C0F3074339462046043502F0C7F9B542C6
:10B6C000ECD12046064902F0C1F9012003B0F0BDDB
:10B6D000311A010800F8FF08AA1E01080CF8FF083B
:10B6E000CFFC000810B504460122044902F045F9D8
:10B6F000204602F0A3F8012010BD00BF2820024020
:10B70000F8B505460E46104F3946284602F028F98E
:10B710000446284602F025F898B916B1304602F0E2
:10B7200005F804F00113012BEED02846074904F474
:10B730007D0202F022F914F47C0F0CBF01200020DE
:10B74000F8BD0020FCE700BF20200240302002406E
:10B750002DE9F843D0E90074036C641A551E2544A2
:10B76000DFF8449003F000486D0B640BAC4202D943
:10B770000120BDE8F883A60106F4FE5646EA080655
:10B780004946384646F0040202F0F7F84946384682
:10B7900046F0240202F0F1F800213846FFF7B0FF2E
:10B7A0000028E6D00134E1E7282002402DE9F041ED
:10B7B000064688460120442117461D4602F056FDE4
:10B7C000044678B14FF40053C360074B014603624F
:10B7D000064BC0E901874362FF230376304601F040
:10B7E00041FF2564BDE8F08151B70008F1B70008BA
:10B7F000F8B50C4616461F460568022228460B4936
:10B8000002F0BBF821463B463246284601F0BBFF1A
:10B8100000212846FFF774FF044620B10022284685
:10B82000024902F0AAF82046F8BD00BF28200240D5
:10B8300010B5044602F002F800212046FFF760FF31
:10B84000B0B120460B4902F08BF8C30709D520465A
:10B85000094A0A4902F091F82046094A074902F0CC
:10B860008CF82046034902F07BF8C04300F0010049
:10B8700010BD00BF2820024023016745042002407C
:10B88000AB89EFCD37B50546FFF7D2FFE8B14FF4EE
:10B89000FA7101A8F7F745FB4FF4004228460C491E
:10B8A00002F06BF848F220022846094902F065F8D8
:10B8B00001A92846FFF724FF04462846FFF712FF98
:10B8C000002808BF002404F0010003B030BD00BF11
:10B8D0002820024010B50446FCF708F940F28442E3
:10B8E000438C934203D040F27442934256D1C4F841
:10B8F000FC302B4B2B4A23652B4B626763652B4B2C
:10B900002046A3652A4901F03DFE40F27442D4F876
:10B91000FC30934228D040F28442934222D14FF42B
:10B9200080224FF02061204601F08EFE4FF48032DD
:10B930002046204901F088FE4FF4A02220461E49EF
:10B9400001F082FE80234FF480124FF00061204608
:10B95000FFF72CFF4FF480124FF00161174B204688
:10B96000FFF724FF01201AE04FF480424FF02061DE
:10B97000204601F069FE4FF480422046104901F054
:10B9800063FE08234FF480324FF000612046FFF73A
:10B990000DFF4FF480320B4B0B49E0E7002010BD48
:10B9A00085B80008BB1E010831B80008E5B60008DC
:10B9B0000C1F01080000040A0000050A8000008036
:10B9C0000040000A080000800000010838B5214945
:10B9D000054601F0C5FF03019BB2B3F5904F2DD092
:10B9E00044F6300293422FD0B3F58A4F2ED1040C87
:10B9F0001949284602F02AF8B4F5805F16D041F2C2
:10BA000001039C4214D041F203039C4212D042F243
:10BA100001039C4210D042F203039C4214BF3F2218
:10BA200056220E49284602F011F80BE04122F8E7B1
:10BA30005A22F6E75922F4E75822F2E70849284645
:10BA400002F004F8012038BD0649F8E76A6F06499C
:10BA5000E8E700BF0010005C301F01089D1E0108D0
:10BA60003F1F0108521F01086E1E0108F7B5144B55
:10BA7000D0F8FC20134E14490446B2F5904F08BF8D
:10BA80001E46002501F0E2FF104F7119204601F01B
:10BA900067FFC3B20193C0F307230093020EC0F304
:10BAA000074339462046043501F0D0FF0C2DECD178
:10BAB0002046074901F0CAFF012003B0F0BD00BFD6
:10BAC00000F8FF0800E8F11F311A0108AA1E01085A
:10BAD000CFFC00082DE9F84305460E460E4F01F154
:10BAE00010084146284601F03BFF10EA07090446CA
:10BAF00003D1284601F035FE40B128464A4606F1FA
:10BB0000140101F03AFF0020BDE8F88314F0050F9E
:10BB1000E7D10120F8E700BF0000EE0770B5134B36
:10BB2000134C0546B1F1016F28BF1C462146FFF7B3
:10BB3000D1FFC8B104F10C063146284601F010FFD0
:10BB4000C3070AD50434214628460A4A01F015FFE6
:10BB500021462846084A01F010FF3146284601F0E8
:10BB6000FFFEC04300F0010070BD00BF0021005285
:10BB70000020005223016745AB89EFCD2DE9F84F36
:10BB8000D0F80080064640460C461546FFF7C6FF33
:10BB9000074618B900273846BDE8F88F716C0022B7
:10BBA000404601F0EAFEC4F31304D6F84490013D88
:10BBB00096F8406025446D0C640C360109F10C0ABE
:10BBC000AC42E8D846EA042B514640464BF004020A
:10BBD00001F0D3FE514640464BF0840201F0CDFE09
:10BBE00049464046FFF776FF0028D3D00134E7E707
:10BBF000F8B5184B184D0446B1F1016F08BF1D464A
:10BC0000FFF78CFF064618B305F10C0105F150074C
:10BC10004FF40042204601F0B0FE394620460F4A5C
:10BC200001F0ABFE394620460D4A01F0A6FE103564
:10BC30002946204601F094FE0746204601F091FD7A
:10BC400030B917F0F06F03D13B07F1D43046F8BD9F
:10BC50000026FBE700210052002000528000320045
:10BC6000800033002DE9F8430568044628460F4656
:10BC700090469946FFF752FF18B900263046BDE8B6
:10BC8000F88394F84060616C3601324628460C31E6
:10BC900001F073FE616C46F0020228460C3101F09F
:10BCA0006CFE4B4642463946284601F06CFD28465C
:10BCB000616CFFF70FFF06460028DED0616C0022A2
:10BCC00028460C3101F059FED8E7000010B50446B3
:10BCD000436E04491A6801F050FE2046BDE810404A
:10BCE000FCF7F6BB0410005C70B54FF00061044631
:10BCF000FFF77EFF10B90025284670BD0B4920468E
:10BD000001F02EFE4FF0016106462046FFF770FF5E
:10BD100005460028EFD02046054901F021FE3246B5
:10BD200003460449204601F091FEE5E75C200052FD
:10BD30005C210052611F0108012938B5044619D160
:10BD40000323026F214972B9013BDBB2022B98BF7A
:10BD50001F4A204694BF52F823201E4A1E4901F074
:10BD600075FE012021E0506A884208BF92F84030F9
:10BD7000D26BE8E755681749284602F049FE0346AA
:10BD8000A8B12846154902F043FE78B12846144967
:10BD900002F03EFEB0B12846124902F039FE98B1D9
:10BDA0002046114901F052FE002038BD0123226FC8
:10BDB0000649002AD5D0506A884208BF82F8403030
:10BDC000D26BF6E70223F2E70323F0E765BC000835
:10BDD0001C200108FD170108BC180108D91801082A
:10BDE000DD180108E1180108E518010838B5054615
:10BDF000FCF7EAFC044648B12846054901F0B0FDCD
:10BE0000C30603D42846034901F020FE204638BD6E
:10BE100020200052841F010870B505460C46012001
:10BE20004821164602F022FA0146E0B14FF40033F1
:10BE3000C3600D4B0D4A03620D4BC0E901464362DE
:10BE40004FF400630361FF2303760A4BB4F1016FE3
:10BE500008BF13464364032380F840302846BDE8FA
:10BE6000704001F0FFBB70BD7DBB00080021005297
:10BE700065BC00080020005273B504460325036F1B
:10BE80002E4A43B94FF000612046FFF747FE48B9FC
:10BE9000002002B070BD596A914208BF93F840502B
:10BEA000DB6BEEE72D0145F08805204624492A4644
:10BEB00001F063FD4FF001612046FFF72FFE0028DF
:10BEC000E6D02A4620461F4901F057FD4FF4FA718B
:10BED00001A8F7F726F81C4D2946204601F040FD41
:10BEE000430710D4194E3146204601F039FD10F0B9
:10BEF000040511D12046144901F032FD144E3042A0
:10BF000013D02846C5E7204601F02BFC0028BFD1FE
:10BF100001A801F00BFCDFE7204601F022FC00281D
:10BF2000B6D101A801F002FCDDE72046074901F087
:10BF300017FD30420CBF01200020AAE765BC0008B5
:10BF40000C2000520C2100521020005210210052EF
:10BF50000000EE0738B5D0F8FC300446B3F58A4F40
:10BF600008D0B3F5904F05D044F63002934201D08B
:10BF7000002038BD3C4B3D4A63603D4B2046A360EA
:10BF80003C4B3D496267236501F0FCFA0421012026
:10BF900002F06CF905460028EAD03849204601F045
:10BFA000DFFC4FF48032002128606566204601F0F6
:10BFB0004BFB4FF400324FF00051204601F044FBA0
:10BFC0004FF400224FF01051204601F03DFB4FF49A
:10BFD00000324FF04051204601F036FB4FF4003262
:10BFE0002046274901F030FB4FF400422046254906
:10BFF00001F02AFB4FF480324FF06051204601F0EF
:10C0000023FBD4F8FC30B3F58A4F22D120461E49D9
:10C0100001F0A6FC8202B2F5003F0BD14FF00061A7
:10C020002046FFF7F9FE2046184A144901F0A5FC06
:10C0300001209EE7B2F5801F0BD14FF400224FF094
:10C0400000612046FFF7E8FE4FF400224FF0016147
:10C05000E6E74FF480124FF000612046FFF7DCFE68
:10C060004FF48012F2E700BFEDBD0008B91F0108D0
:10C07000CDBC000879BE0008282001080410005C2F
:10C08000000002300000043000E8F11F0100200031
:10C09000F8B50C4605460E1D04F10C073146012289
:10C0A00001F06BFC394628460D4A01F066FC10345D
:10C0B000394628460B4A01F060FC214628460A4AC8
:10C0C00001F05BFC21462846084A01F056FC314647
:10C0D000284601F045FC80F00200C0F34000F8BDA6
:10C0E000EFCDAB8905040302BFAE9D8C161514136A
:10C0F0000122043101F041BCF8B50C4605460E1D85
:10C1000004F10C073146012201F037FC394628467C
:10C110000D4A01F032FC1434394628460B4A01F02E
:10C120002CFC214628460A4A01F027FC21462846D5
:10C13000084A01F022FC3146284601F011FC80F04B
:10C140000400C0F38000F8BDEFCDAB890504030205
:10C15000C8D9EAFB27262524F8B50546174601F17C
:10C1600018063146284601F0FBFB10F001040ED101
:10C170003146284601F0F4FB0646284601F0F1FA64
:10C1800078B9094B1E420CBF01200020F8BD28469B
:10C1900001F0E7FA28B9002FE3D0384601F0C6FADB
:10C1A000DFE70020F2E700BF0007010010B50446FA
:10C1B000034901F04BFC034B0120636010BD00BF3D
:10C1C00064200108C9870008F8B505460F4601201C
:10C1D000402116461C4602F049F8014668B1074B5B
:10C1E000C4600362064B6408C0E9017643620461DF
:10C1F0002846BDE8F84001F035BAF8BD65C300082F
:10C200008DC2000840F24743984218D0B0F5896FBC
:10C210000CD240F21743984214D040F22543984282
:10C2200014BF4FF480404FF48060704740F2574392
:10C23000984214BF4FF480404FF4007070474FF4A1
:10C24000C05070474FF40060704740F22543984259
:10C250000BD040F2174320F040029A4205D040F242
:10C260004743C01A18BF01207047002070470000E4
:10C2700008B5FFF7EAFF034A034B00280CBF10463E
:10C28000184608BD00200240003C02402DE9F04164
:10C2900004681746D4F8FC009846FFF7E9FF0E46FD
:10C2A000054601462046FFF7F3FEE0B1002229468D
:10C2B0002046FFF751FFB0B12046291D4FF481629F
:10C2C00001F05BFB3A4643463146204601F05BFAFB
:10C2D00029462046FFF70CFF29462046BDE8F041DD
:10C2E0000022FFF739BF0020BDE8F0812DE9F843B7
:10C2F00004688046D4F8FC009146FFF7B9FF0E466B
:10C30000054601462046FFF7C3FE40B32F1D4FF4FC
:10C3100004723946204601F030FB3946204601F0D0
:10C320001FFB00F40470B0F5047F18D1002726F03D
:10C3300003064F450AD329462046FFF7D9FE294672
:10C340002046BDE8F8430022FFF706BFB9190022D6
:10C35000204601F012FBD8F80C301F44E9E700201A
:10C36000BDE8F8832DE9F74F064604689046D4F8F7
:10C37000FC00FFF77DFF73688A468B4205460DD1AE
:10C38000B768A7EB08035F425F4129462046FFF7E5
:10C390007FFE28B9002003B0BDE8F08F0027F4E746
:10C3A00005F104094FF402724946204601F0E5FA0E
:10C3B0004946204601F0D4FA00F40270B0F5027F3D
:10C3C000E8D12046144A05F118010DF1040B01F0E3
:10C3D000D4FA4FF4FA715846F6F7A3FD4FF000096E
:10C3E000C1450CD329462046FFF782FE002F14BF1B
:10C3F0005A46002229462046FFF7AEFECBE7002230
:10C40000204609EB0A0101F0B8FA17B1584601F0CD
:10C410008DF9F3689944E3E70007010010B5046F54
:10C420000CB9012010BD2046D4E90112FFF79AFF94
:10C4300008B9E46BF4E70020F4E70000F7B5044620
:10C44000D0F8FC00FFF714FF014605462046FFF731
:10C4500053FE064638B32F1D2046164A164901F0F2
:10C460008CFA39464FF48022204601F086FA2046A5
:10C47000124A114901F081FA39464FF480222046D0
:10C4800001F07BFA4FF4FA7101A8F6F74AFD05F1C5
:10C4900018073946204601F063FAC30706D4294637
:10C4A0002046FFF725FE304603B0F0BD01A801F09D
:10C4B0003DF9EEE70000FFFF0000F81FAA0055FF5E
:10C4C0002DE9F3470446D0F8FC001746FFF7D0FEED
:10C4D0008846814601462046FFF7DAFD38B92046F6
:10C4E0005B4901F0B3FA012002B0BDE8F087B8F172
:10C4F000040F64D10022B868114601F0F9FF002250
:10C5000005461146F86801F0F3FF524B06469D427E
:10C5100055D9D4F8FC00FFF775FE00F1006000F576
:10C520000020A8424BD9786802F0C4FB7F6882469D
:10C5300002464949384602F085FAA0BB4FF001088F
:10C54000454AF6B22B4620464449009601F07EFA51
:10C55000D4F8FC100846FFF78BFE07460846FFF7A5
:10C5600074FE82463E4A204607F1180101F005FAA2
:10C57000BAF1000F14BF4FF480724FF48872204656
:10C58000391D01F0FAF9B8F1040F46D132462946B7
:10C59000204601F0F2F9002239462046FFF7DCFD83
:10C5A00000284AD145E0524638462E4902F04AFA60
:10C5B00018BBEA072CD520462B4901F047FA204644
:10C5C0002A4901F043FA2046294901F03FFA204662
:10C5D000284901F03BFA2046274901F037FAD4F800
:10C5E000FC00FFF70FFE00F10063244A20462449B7
:10C5F00003F5002301F02AFA1FE05246384621498C
:10C6000002F020FA0028DAD1AB07D4D11D4A99E70D
:10C610004FF00208134AB6B294E7B8F1020F05D101
:10C6200029462046B2B201F0C1F9B4E7B8F1010FD2
:10C6300008D02046144901F009FA49462046FFF780
:10C6400057FD50E729462046F2B201F0C9F9A2E7AA
:10C65000C7200108FFFF0708C220010800210108C8
:10C6600000070100B9200108E02001083421010879
:10C67000522101087E210108AF21010800000808AD
:10C68000DB210108BD2001081F2101082DE9F04F21
:10C690008946D0F8FC1087B0044608461646FFF7D6
:10C6A000E7FD07460846FFF7D0FD3946002820463B
:10C6B0000CBF4FF00C084FF02008FFF71DFD38B9F4
:10C6C0002046764901F0C2F9012007B0BDE8F08F9D
:10C6D000B9F1010F40F3C680706802F0EBFAB9F1CE
:10C6E000020F05465BD102466D49706802F0AAF957
:10C6F00028B94FF480222046391D01F03EF900256B
:10C70000DFF8A0A1DFF8A091684E05F1FF5B0BF503
:10C71000C01B5946204601F023F983B2020CC043E6
:10C72000B3EB104F0CBF514649462046CDE90021DE
:10C7300004355A46314601F089F94545E5D320468E
:10C7400007F11C0101F00CF9C3B2AA2B05467CD0FD
:10C75000CC2B0CBF02210121D4F8FC00FFF775FDA2
:10C76000C5F30023C5F30052002870D0C5F3C050B4
:10C770000590C5F380500490C5F34050CDE90220E8
:10C78000C5F30342CDE9003220460B462A4648490C
:10C7900001F05CF939462046FFF7AAFC94E7B9F1AD
:10C7A000040FACD1D6F8049002464249484602F044
:10C7B00049F9824630B12A4648463F4902F042F9DB
:10C7C00000284FD10022B068114601F091FE0022EE
:10C7D00005461146F06801F08BFE8146BAF1000F64
:10C7E00002D0C34363F31F49CDF800902B46204687
:10C7F0007268324901F02AF9314B9D4232D908F171
:10C80000FF5303F5C013AB422CD915F0030A29D10D
:10C81000D4F8FC00FFF72CFD0646011D4FF4807292
:10C82000204601F0AAF84A462946204601F0A5F81C
:10C83000524631462046FFF78FFC00287FF45FAF59
:10C840002046204901F002F959E7002184E7E80F6A
:10C85000CDE9012000932A460B4620461A4901F0F3
:10C86000F5F897E72046194901F0F0F820461849F5
:10C8700001F0ECF82046174901F0E8F82046164987
:10C8800001F0E4F82046154901F0E0F8144B204689
:10C89000144A1549434401F0D9F87BE718220108EE
:10C8A0003B220108D7060108142201087022010862
:10C8B0008B22010846220108F41C01084A220108C3
:10C8C000FFFFF71F5B220108E62201082023010871
:10C8D0003E2301087C230108B0230108F623010848
:10C8E000FCFFF71F0000F81F222401082DE9F84380
:10C8F00004689146D4F8FC601F463046FFF7B8FC48
:10C900008846054601462046FFF7C2FB28B330465D
:10C91000FFF79BFC80F00100C0B20201291D2046F8
:10C9200001F02BF80026BE420AD329462046FFF725
:10C93000DFFB29462046BDE8F8430022FFF70CBC88
:10C94000204659F8262006EB080101F016F820468B
:10C9500000F007FF08B90436E5E70020BDE8F883DA
:10C9600040F22942D0F8FC3070B59342044653D0CF
:10C9700047D840F22542934208D03CD840F21642B4
:10C98000934249D040F21742934238D1424B4FF480
:10C99000A0424FF000512046636700F055FE80230F
:10C9A0004FF480324FF000612046FFF70DFC8023EA
:10C9B0004FF4803220463949FFF706FC80234FF4BC
:10C9C000803220463649FFF7FFFB4021012001F06D
:10C9D0004DFC014668B14FF4C053324AC0E901230F
:10C9E0000423C360304B0362304B4362204600F0A7
:10C9F00039FE294A23E040F2274293420CD000201E
:10CA000045E040F247429342C0D0B3F5896F3FD230
:10CA1000A3F23643012BF2D8254D4FF4A0324FF04C
:10CA200000512046656700F00FFE4FF400224FF4DE
:10CA300080734FF000612046FFF7C6FB2A46204670
:10CA40001C4900F09FFD1521012001F00FFC054657
:10CA5000E8B16066D4F8FC00FFF70AFC00F11C01A5
:10CA6000204600F07DFF144A144BC6B2AA2E18BF10
:10CA700013462846626F124901F0E6FE0120AA2EF5
:10CA800017BF104B104B6360104B6567236570BD7B
:10CA900040F2574278E700BF7F24010800000108F8
:10CAA0000000020800000808EDC20008EDC80008F8
:10CAB00076240108B824010869240108F50001085A
:10CAC00088240108ADC100081DC400083DC4000849
:10CAD000436E1B681B6953F8211000F041BF436E81
:10CAE0001B681B6953F8211000F047BFF8B50546D5
:10CAF0000E464CF2FA3702212846FFF7E9FF38428A
:10CB000004460BD1284600F02CFE38B916B1304649
:10CB100000F00CFEE303EED40120F8BD0020FCE79A
:10CB200010B50446436E04495A6800F026FF2046BB
:10CB3000BDE81040FBF7CCBC042004E02DE9F04137
:10CB400004460F460120442116461D46DDF8188094
:10CB500001F08CFB014690B10A4BC0E901760362FB
:10CB6000094BC56043624FF400630361FF23037602
:10CB7000C0F840802046BDE8F04100F073BDBDE83C
:10CB8000F08100BFE9CB00088DCB0008F8B50D4659
:10CB900016461F460468012220460321FFF79FFF27
:10CBA00029463B463246204600F0EDFD2046BDE8D2
:10CBB000F8400021FFF79ABF10B503210446FFF7A4
:10CBC00087FF00280BDA20460021054AFFF787FF80
:10CBD0002046BDE810400021024AFFF780BF10BD8B
:10CBE00023016745AB89EFCD2DE9F84F056806466F
:10CBF0008946284602219046FFF76AFF0221024635
:10CC00002846FFF76CFF2846FFF7D6FF002128468D
:10CC1000FFF76CFF074648BB00273846BDE8F88F92
:10CC20000BEB0904F26804F17843B3FBF2F3326CC6
:10CC30000321944234BF00240124E40244EAC304E3
:10CC4000284644F00202FFF74AFF0321284644EA3F
:10CC50000A02FFF744FF00212846FFF747FF00289C
:10CC6000DAD0F3689B44C345DAD3D6E74FF0000B24
:10CC7000DFF804A0F7E700BF0200010037B5044663
:10CC80000D46FFF799FF2A4620460321FFF727FFAD
:10CC900045F4803220460321FFF721FF01A84FF41D
:10CCA000FA71F6F73EF9204601A9FFF71FFF03B01E
:10CCB00030BD000010B5044602210748F5F7EDF835
:10CCC0004FF400412046FFF7D9FF04460348F5F72B
:10CCD000B5F8204610BD00BFDC240108EE24010891
:10CCE00010B5044601210648F5F7D7F8042120467F
:10CCF000FFF7C4FF04460348F5F7A0F8204610BD2F
:10CD0000DC240108EE24010848F20401FFF7B6BF55
:10CD1000F8B504461D460E461746FFF74DFF0121A4
:10CD20002046254AFFF7DBFE01212046234AFFF774
:10CD3000D6FE00212046FFF7D9FE08B90120F8BD34
:10CD4000043E2F44BD4224D1032120464FF400323B
:10CD5000FFF7C5FE00212046FFF7C8FE0028EED0F1
:10CD60002046174900F072FE4FF000620321204672
:10CD7000FFF7B5FE03212046FFF7AAFE10F000657D
:10CD800013D120464FF000420321FFF7A8FE2846AA
:10CD9000D5E715F8011B204601F1804156F8042F14
:10CDA00001F5083100F0E9FDCCE7204600F0D9FCA0
:10CDB0000028DFD0C2E700BF3B2A19087F6E5D4C18
:10CDC000DD1C01082DE9F04F904640F27242D0F888
:10CDD000FC30074693420E468DB007D1614A624946
:10CDE00000F034FE00200DB0BDE8F08F44F6401294
:10CDF00023F01001914201D15C4AF0E744F6701231
:10CE0000934201D15A4AEAE740F269419BB28B4210
:10CE100048D038D840F23542934248D0554AB3F50D
:10CE20008D6F16BF092506259346534B534C08BFFB
:10CE30009B46534B08BF1C460DF104092C220021D0
:10CE4000484601F0DDFDCA464A4600235BF8231040
:10CE500001339D4242F8041BF8D8022E2ED14949D5
:10CE6000D8F8040001F00EFF00285AD123462A46C4
:10CE700049463846FFF74CFF00285AD03846424909
:10CE800000F0E4FDAEE740F279418B4214D09342CA
:10CE90003E4B384A0BBF9B46092507259346374C26
:10CEA0003B4BC7E70B25DFF8D0B0354CC4E7052571
:10CEB000DFF8C0B0314CBFE70625F4E731DD354976
:10CEC000D8F8040001F0DEFE58BB023EAE4228BF97
:10CED0002E4608F1040808EB860BC3450CD1AE4280
:10CEE00013D3019BDAB2CC2AC0D1013338462A4988
:10CEF000019300F0ABFDB9E7002258F8040F11468A
:10CF000001F0F6FA4AF8040BE7E7A15D384601F1B3
:10CF1000804101F5083100F023FD49F82600013673
:10CF2000DDE738461D4900F091FD38461C4900F008
:10CF30008DFDDFF870802544AC4201D1012052E71D
:10CF400014F8016B384606F1804606F5083631467E
:10CF500000F006FD324603464146384600F076FDB5
:10CF6000EAE700BFF4240108FC24010819250108A0
:10CF70002325010818270108B0260108BC2801084C
:10CF8000DC26010880160108631D0108F828010845
:10CF90002C290108F41C01082D250108FA1C0108A0
:10CFA0005D250108531D01082DE9F3410446FBF7F7
:10CFB0000BFC0746002800F09B80B4F8FC207A4E5A
:10CFC000B389002B6CD1636E1B689B7B042B6BD1E8
:10CFD0004FF080522046754900F0CFFC744920463E
:10CFE00000F0BEFC724920F4C062204600F0C5FC8F
:10CFF000704D043529462046D4F8648000F0B0FC1A
:10D0000029460722C8F80400204600F0B6FC204656
:10D0100000F077FAB37BF288043B012B9DBFB38805
:10D020004FF02061D2184FF0805194BF92029202CB
:10D03000204600F009FB40F21542636ED4F8FC0074
:10D040001B68904218BFDA8899881DBF1B89521847
:10D05000D2188A0218BF92024FF00051204600F009
:10D06000F3FA636E20461B681B69596900F08FFC58
:10D07000042105462046FFF72BFDB37B022B15D17B
:10D0800044F64013B189AA0299424FF0FF3300934E
:10D090000CBF4FF400634FF480534FF000611BE06E
:10D0A0009A4290D014368BE7434DA2E7012B2BD147
:10D0B000400221D54FF001654FF480534FF48012A8
:10D0C0004FF0006120460095FFF738FD4FF4805384
:10D0D0004FF48012009529462046FFF72FFD0221CC
:10D0E0002046FFF7F5FC022102462046FFF7F7FC39
:10D0F000384602B0BDE8F0814FF0FF334FF4001224
:10D1000000934FF40053C8E7042B1AD1410210D505
:10D110002A4D4FF400634FF480224FF00061204607
:10D120000095FFF70BFD4FF400634FF4802200954C
:10D13000D1E74FF0FF334FF4002200934FF4006328
:10D14000ABE7032B28D1B389B3F58D6F05D14FF031
:10D15000FF3300934FF400631CE040F279429342A6
:10D16000E7D0420211D56D0205F100664FF400636D
:10D170002A464FF0006120460096FFF7DFFC4FF48F
:10D1800000632A4631460096A6E74FF0FF3300932E
:10D190004FF48053AA0280E796F90A30002BD6DAC2
:10D1A0008302D4D5DFE700BF3C27010858100250A6
:10D1B00000700050004004E0002004E0000004087B
:10D1C000F8B50446FAF792FC4368064693F8342013
:10D1D000012A05D99D8F2E4FABB2B88960B9F8BD31
:10D1E00040F27243458C9D42F5D02046294900F01B
:10D1F000B7FBC0F30B05EEE7834201D01437ECE731
:10D200000821012001F032F83B680760636744F6AB
:10D2100040139D42606613D00CD840F272439D4289
:10D2200028D104212046FFF753FC0028BCBF1A4B2D
:10D23000E3671FE044F6501325F020029A4219D10B
:10D2400004212046FFF744FCC30507D544F67011BE
:10D25000124B134A8D4218BF13466367337A4BB99A
:10D260001049204600F07CFB0E4940F40042204665
:10D2700000F083FB0C4B204623650C4B3A6863603F
:10D280000B4B0C49A36000F07DF90120A7E700BF1C
:10D290003C270108002004E0AC2501088625010890
:10D2A000992501080C04005809CD0008A9CF0008F1
:10D2B00021CB0008E826010838B51149054600F0E1
:10D2C0004FFB03019BB2B3F5A06F15D1040C0D49C0
:10D2D000284600F0BBFBB4F5005F0BD042F201031F
:10D2E0009C4214BF3F225A220749284600F0AEFB59
:10D2F000012038BD4222F7E76A6F0449F5E700BF15
:10D3000000100850332901089D1E01086E1E0108F7
:10D31000F7B51049044600F099FB0F4D0F4F104E22
:10D320002946204600F01CFBC3B20193C0F307233B
:10D330000093020EC0F3074339462046043500F03F
:10D3400085FBB542ECD12046064900F07FFB012069
:10D3500003B0F0BD311A01083452005CAA1E010866
:10D360004052005CCFFC000810B50446436E0449EF
:10D370001A6800F002FB2046BDE81040FBF7A8B891
:10D380000410085070B50446FBF71EFA054650B16C
:10D3900006492046666E00F0E3FA07223060034932
:10D3A000204600F0EAFA284670BD00BF041008507D
:10D3B00010B50446FAF79AFB438CB3F5A06F04D07E
:10D3C000B3F58A6F01D0002010BDC4F8FC30104BBB
:10D3D000104A6360104B204610496267A36000F05A
:10D3E000D1F80421012000F041FF0028EBD04FF4D8
:10D3F000803200216066204600F026F920464FF476
:10D40000C0224FF0805100F01FF90120DCE700BF7F
:10D4100085D300083F29010869D300084C29010879
:10D4200010B5044608B1036D2BB90848F4F706FDA2
:10D430000124204610BD0648F4F700FD236D204668
:10D44000984704460348F4F7F9FCF2E7702901080D
:10D4500097290108EE240108022970B505461446F3
:10D4600011DD00226068114601F042F800220646F4
:10D470001146A06801F03CF8314602462846BDE856
:10D48000704000F026BC0548F4F7D8FC0448F4F7D7
:10D49000D5FC0448F4F7D2FC012070BDAE29010888
:10D4A000DC290108112A0108F8B506460F460024B8
:10D4B000064B1D680DB92046F8BD013429463A4691
:10D4C0002046B047D5F8EC50F4E700BFF814002030
:10D4D00038B50446E06E00B938BD856800F0EAFE54
:10D4E000E566F7E738B50446236F03B938BDD86A57
:10D4F000DD6B08B100F0DEFE206F00F0DBFE25677B
:10D50000F2E710B50446FFF7E3FF2046BDE8104000
:10D51000FFF7E8BFF8B51A4D2C680CB92C60F8BDC0
:10D5200094F80031D4F8EC6013B12046A368984712
:10D53000206818B103680BB121469847D4F8F00071
:10D5400010B1D4F8F4309847D4F8E40060B9606EB4
:10D5500000F0B0FE2046FFF7D4FFE06C50B9204643
:10D5600000F0A8FE3446D8E7876800F0A3FEC4F8B0
:10D57000E470E9E7076800F09DFEE764EDE700BFAF
:10D58000F814002070B504460C200D46164600F035
:10D5900089FE58B1D4F8E4304BB11A469B68002B91
:10D5A000FBD190600023C0E90065836070BDC4F8C2
:10D5B000E400F7E710B54FF48271012000F056FE49
:10D5C000044680B10A4A13687BB11A46D3F8EC309E
:10D5D000002BFAD1C2F8EC4000232046054A064948
:10D5E0006366FFF7CFFF204610BD1060F4E700BF71
:10D5F000F81400206A2A0108A02B010838B5044657
:10D6000000680D4610B1214603689847636825609D
:10D6100023B9012384F80031204638BD20469847BD
:10D620000028F6D10446F7E7064B024618680123A6
:10D6300000B97047934201D1FFF7E0BFD0F8EC008A
:10D640000133F5E7F814002070B504460C200E46AF
:10D65000154600F027FE20B1E36EC0E90065836047
:10D66000E06670BD0B690BB9CB680B610B69086094
:10D67000B3F5007F9EBF4FF48062B2FBF3F25343D9
:10D680004B61036FCB630167704700002DE9F04FDA
:10D69000884615460746294640461F4A85B001F090
:10D6A0009FF80446FE6EDFF8749008EB0400291B17
:10D6B000AEB93F6FDFF86890DFF868A008EB040BA5
:10D6C000291BAFB95846184A01F08AF8013D204499
:10D6D000854294BF0020012005B0BDE8F08F73683B
:10D6E0004A460093336801F07BF8B6680444DCE7EF
:10D6F000BB684A4600937B685846039101F070F876
:10D7000003990646FB68091A5246584401F068F826
:10D710000644FF6B3444D1E7712A01087E2A0108D0
:10D72000B22A0108E72A01081C2B010810B504469B
:10D73000F5F702FC48B10548F4F780FB2046BDE848
:10D7400010404FF4FA71F5F7ECBB10BD2A2B01081D
:10D75000836810B5044603B19847002384F800316C
:10D7600010BD10B1C36803B118470020704790F88E
:10D770000001704738B50569044605B1A847204641
:10D78000FFF7EFFF38BD38B54569044605B1A84736
:10D790002046FFF7E6FF38BD08B538B1C06F28B1A5
:10D7A000034901F0BFF9003818BF012008BD00BFD0
:10D7B0002C2B010810B4846A14B1A44610BC604735
:10D7C000204610BC704710B4C46A14B1A44610BC03
:10D7D0006047204610BC7047036A2DE9F0410546BA
:10D7E0000E467BB1BDE8F04118471B1B3219284695
:10D7F0004F1CFFF7DFFF39460444AB69A342F4D85E
:10D80000BDE8F08119461C46F7E7436A2DE9F0416F
:10D8100005460E467BB1BDE8F04118471B1B321987
:10D8200028464F1CFFF7CFFF39460444AB69A3429B
:10D83000F4D8BDE8F08119461C46F7E7036B03B145
:10D8400018477047836B03B118477047C36B03B128
:10D85000184718467047036C03B11847704770B5F6
:10D86000044608460E4601F025FA502828BF5020ED
:10D8700031460546024604F1800001F00DFA00230E
:10D880002C4484F8803070BD30B1C0F8DC30C0E981
:10D890003512009BC0F8E0307047F0B504461D46D5
:10D8A0000F46164689B020220021684601F0A8F8EC
:10D8B000636CCDE902658DF804701BB9012528461B
:10D8C00009B0F0BD69462046984705460028F6D1C4
:10D8D000202000F0E7FC06460028EFD02022694611
:10D8E00001F0DAF9E36CE6643360E8E7F8B5064680
:10D8F0000027C46C1CB94FF0FF352846F8BD2079CD
:10D90000884205D1A068904202D1E068984211D0C7
:10D9100027462468EEE7214630469847054600280A
:10D92000EBD1236827B9F364204600F0C3FCE4E799
:10D930003B60F9E7B36C002BEDD10125DDE7806991
:10D940007047C36903B1184718467047406F704766
:10D95000C06F7047B0F8F8007047D0F8FC0070470F
:10D96000002313B504690A4601931CB104230DEB8F
:10D970000301A047019802B010BD13B5446901929C
:10D980001CB104230DEB0302A04702B010BD00231D
:10D9900013B504690A46ADF806301CB102230DF137
:10D9A0000601A047BDF8060002B010BD13B54469DA
:10D9B000ADF806201CB102230DF10602A04702B00B
:10D9C00010BD002313B504690A468DF807301CB159
:10D9D00001230DF10701A0479DF8070002B010BD1B
:10D9E00013B544698DF807201CB101230DF107021E
:10D9F000A04702B010BD2DE9F047054688461646FF
:10DA0000D0F8E44014B94FF0FF301AE06768D7F857
:10DA10000090B9F1000F01D1A468F3E7D6F800A097
:10DA2000504601F047F949460246504601F02AF8AF
:10DA300048B93246414628467B68984780F0010045
:10DA4000C0B2BDE8F0870C37E1E700000EB403B5C3
:10DA5000006848B1436804AA039901929847054BAE
:10DA60001B68986800F0F8FD02B05DF804EB03B0A5
:10DA7000704700BF980100202DE9F0410646D0F81C
:10DA8000E4500D4FDFF834800DB9BDE8F081394620
:10DA900030462A68FFF7DAFF6C680C3454F80C2C17
:10DAA0000C340AB9AD68EFE74146304654F8103CF3
:10DAB000FFF7CCFFF2E700BF322B01084B00010853
:10DAC000006830B4846814B1A44630BC60471723A2
:10DAD00030BC03874FF0FF3070470068C36803B164
:10DAE0001847092303874FF0FF307047006810B4D0
:10DAF000046914B1A44610BC6047204610BC7047AE
:10DB0000F0B51C4690F8E8300646154691B0BBB11A
:10DB10004B1E012B14D814B9002011B0F0BD3F2CBE
:10DB200094BF274640272A463B4669463046FFF7C2
:10DB300021FE39466846F8F779FAE41B3D44EAE7E6
:10DB400030684669002EE7D023462A46B44611B015
:10DB5000BDE8F0406047006810B4846914B1A44681
:10DB600010BC6047204610BC7047006830B4C469E0
:10DB700014B1A44630BC6047022330BC03874FF089
:10DB8000FF3070470068036A03B118470223038718
:10DB90004FF0FF3070470068836A03B1184718469A
:10DBA00070470068C36A03B118474FF0FF307047F1
:10DBB0000068036B03B11847012070470068436B8E
:10DBC00003B118474FF0FF307047436D10B504465E
:10DBD00013B1984710B910BDFFF730FE012084F84B
:10DBE0005C00F8E738B5437E04467BB1836A5BB1DD
:10DBF00098470546E06A18B100F05CFB0023E36239
:10DC000000236376284638BD0125F3E70125F9E7AF
:10DC100038B5437E04468B420D4601D1012038BD04
:10DC20004BB9E3696576002BF8D020469847002869
:10DC3000F4D16076F3E7FFF7D5FF0028F1D1EEE7E6
:10DC4000C36A2DE9F0470446002B34D0036B01333F
:10DC500031D0436B5A1C2ED0826B93422BD20221BF
:10DC6000FFF7D6FF0546A0B14FF000082669636BA9
:10DC700076421E40D4E90B73A6EB030AA36BA3EB19
:10DC80000609C14508D84FF0FF33C4E90C3300231F
:10DC9000A3632846BDE8F0870AEB0802236906EB78
:10DCA00008012046D4F824C03A44E04723692840BC
:10DCB000C5B29844E5E70125EBE7006F00B970476E
:10DCC00043688B4203D8826813448B42F7D8C06BF9
:10DCD000F4E790F85C302DE9F04707460D4616460C
:10DCE00043B129463846FFF7E8FF0446B0BB0020A1
:10DCF000BDE8F087FFF769FF0028F8D0F1E7294673
:10DD00003846FFF7DAFF81460028F0D084422ED053
:10DD10002046FFF767FF0446D9F80C300121C3F114
:10DD2000000A0AEA050A484603EB0A08FFF770FFF3
:10DD30000028DCD051464846D9F82030D9F80C20CC
:10DD40009847044014F0FF040CD0A8EB0505B54239
:10DD500098BF761B4C46454688BFB61B002ECED1D9
:10DD6000A14601244846FFF73DFF2040C0E70124BB
:10DD7000D2E710B50446406900F094FAE06230B191
:10DD80004FF0FF33C4E90C3300230120A36310BD1F
:10DD90002DE9F04F994690F85C3087B082460E46E8
:10DDA0000292002B43D000274FF00108DAF87040B0
:10DDB000002C46D1002F3ED0B8F1000F3BD0B9F176
:10DDC000000F3AD031465046FFF777FF044690B334
:10DDD00087424DD03846FFF733FF05463846FFF7F8
:10DDE00001FF0540EDB2E36A23B92046FFF7C1FF0A
:10DDF0002840C5B2FDB1D4E90132134406EB090253
:10DE0000934228BF1346374601939B1B9B460393BF
:10DE1000029BBBF1000F2DD16DB1DDE9023213443D
:10DE20000293019B2746F61AB1441E46C7E7FFF747
:10DE3000CCFE0028B7D14FF00008404607B0BDE83F
:10DE4000F08F6368B34203D8A2681344B3420DD87D
:10DE5000E36A4BB12046FFF7F3FE05462046FFF785
:10DE6000C1FE054008EA0508E46BA1E72746FBE789
:10DE70004546B8E76269216B52423A408A420592B0
:10DE80000DD020460493FFF7DBFE059A284022635D
:10DE9000217E6269C5B2E06A00F0B2FD049B62694E
:10DEA000E06AB7FBF2FC02FB1C7CA2EB0C025A45B9
:10DEB00028BF5A46194660440592049300F0ECFED0
:10DEC000616B059AB94294BF61636763049BA16B60
:10DED0001744B9422CBFA163A7631344ABEB020BF9
:10DEE00097E7F8B590F85C7004465FB1056F5DB9CF
:10DEF00094F85C3033B1A36D204683B1984700237A
:10DF000084F85C303846F8BD2846FFF799FE06468F
:10DF10002846FFF767FE0640ED6B3740E7E7FFF75F
:10DF20008DFCECE700207047002070470020704710
:10DF30007047000053B94AB9002908BF00281CBF28
:10DF40004FF0FF314FF0FF3000F086B9ADF1080C13
:10DF50006DE904CE00F01AF8DDF804E0DDE90223F3
:10DF600004B07047430803F05533C01A830803F028
:10DF7000333300F03330184400EB101000F00F3052
:10DF800000EB002000EB0040000E70472DE9F04749
:10DF9000089E0D4604468E46002B4CD18A4294467C
:10DFA00067D9B2FA82F353B102FA03FCC3F120023B
:10DFB00001FA03FE20FA02F242EA0E0E9C404FEAFA
:10DFC0001C47BEFBF7F11FFA8CF507FB11EE01FBB6
:10DFD00005F0220C42EA0E4290420AD91CEB0202E2
:10DFE00001F1FF3E80F01981904240F21681023922
:10DFF0006244121AB2FBF7F007FB102200FB05F592
:10E00000A4B244EA0244A5420AD91CEB040400F17C
:10E01000FF3280F00481A54240F20181644402385D
:10E0200040EA01400021641B1EB1DC400023C6E928
:10E030000043BDE8F0878B4208D9002E00F0EA804B
:10E040000021C6E900050846BDE8F087B3FA83F170
:10E05000002948D1AB4202D3824200F2F880841AF0
:10E0600065EB030201209646002EE2D0C6E9004E81
:10E07000DFE702B9FFDEB2FA82F3002B40F08E80B8
:10E08000881A0121170C1FFA82FEB0FBF7F507FB77
:10E090001500220C42EA00420EFB05F0904208D91E
:10E0A0001CEB020205F1FF3802D2904200F2CC8054
:10E0B0004546121AB2FBF7F007FB10220EFB00FEDA
:10E0C000A4B244EA0244A64508D91CEB040400F1BA
:10E0D000FF3202D2A64500F2B4801046A4EB0E0433
:10E0E00040EA0540A0E7C1F120078B4022FA07FC77
:10E0F0004CEA030C25FA07FA4FEA1C49BAFBF9F877
:10E100008D4020FA07F309FB18AA1FFA8CFE2B4357
:10E1100000FA01F508FB0EF01C0C44EA0A44A04288
:10E1200002FA01F20BD91CEB040408F1FF3A80F06B
:10E130008680A04240F28380A8F102086444241A39
:10E1400098B2B4FBF9F309FB134403FB0EFE40EA5B
:10E150000444A64508D91CEB040403F1FF306AD23D
:10E16000A64568D9023B644443EA0840A0FB0293F9
:10E17000A4EB0E049C42C8469E4654D351D0002EB8
:10E1800067D0B5EB080364EB0E04CB4004FA07F745
:10E190001F43CC40C6E9007400214AE702FA03FCA1
:10E1A000C3F12000C1409D4024FA00F04FEA1C4713
:10E1B0002843B1FBF7F507FB15111FFA8CFE020C83
:10E1C00042EA014205FB0EF1914204FA03F408D938
:10E1D0001CEB020205F1FF382FD291422DD9023DEE
:10E1E0006244521AB2FBF7F107FB112280B240EAF7
:10E1F000024001FB0EF2824208D91CEB000001F143
:10E20000FF3816D2824214D902396044801A41EA9A
:10E2100005413AE7314630460BE77146E9E61046DC
:10E22000FEE64D45ABD2B9EB020863EB0C0E0138AC
:10E23000A5E74146EAE7034696E74546D1E7D046DB
:10E240007DE76444023849E7023D624431E708460D
:10E250000AE73146EDE600BF704700BF062008B56B
:10E2600000F09EFC0120F4F75BFE0000024B0A4622
:10E270000146186800F002B89801002070B5A1FBB3
:10E28000025434B9294600F03DF8064628B9304614
:10E2900070BD0C2200260260F9E72A46214600F0F4
:10E2A000AFFBF4E7024B0146186800F02BB800BF43
:10E2B00098010020024B0146186800F003BD00BF22
:10E2C0009801002070B50E4E0C463168054611B914
:10E2D000F4F70CFE306021462846F4F707FE431C95
:10E2E0000AD0C41C24F00304A04207D0211A2846F7
:10E2F000F4F7FCFD013001D14FF0FF34204670BD32
:10E30000001500202DE9F041CD1C25F0030508354E
:10E310000C2D38BF0C25002D074601DBA94205D97D
:10E320000C2300263B603046BDE8F0812F4E00F004
:10E330005FF833681C4644BB29463846FFF7C2FFE6
:10E34000431C04464FD134682646002E42D1002C8F
:10E3500043D023683146384604EB0308F4F7C6FD82
:10E3600080453AD123680335ED1A25F003050835B9
:10E370000C2D38BF0C2538462946FFF7A3FF013086
:10E380002BD023682B4423600EE02268521B1ED43E
:10E390000B2A16D96119A342256018BF596063681A
:10E3A00008BF316062514B60384604F10B0600F043
:10E3B00025F826F00706231DF21AB4D09B1BA350A4
:10E3C000B1E76268A3420CBF32605A60ECE72346B3
:10E3D0006468B0E734467668B7E70C2338463B609C
:10E3E00000F00CF89FE72560DEE700BFFC1400207A
:10E3F000014800F037BC00BF44160020014800F07F
:10E4000032BC00BF441600202DE9F04386460D467D
:10E41000354F284615F8014B3E5D16F00806F8D139
:10E420002D2C30D101262C78851C002B57D0102B99
:10E4300009D1302C07D1287800F0DF00582849D1C5
:10E4400010236C7802354FF0FF38B8FBF3F8002743
:10E4500003FB08F938466FEA0909A4F1300CBCF156
:10E46000090F15D86446A34223DDB7F1FF3F07D05B
:10E4700080451BD301D1A14518DB012700FB0340D8
:10E4800015F8014BE9E72B2C04BF2C78851CCCE751
:10E49000A4F1410CBCF1190F01D8373CE3E7A4F11A
:10E4A000610CBCF1190F04D8573CDCE74FF0FF3783
:10E4B000E6E77B1C06D122233846CEF8003032B97D
:10E4C000BDE8F08306B14042002AF9D007B1691EC9
:10E4D0001160F5E73024002BB5D10823B3E7302CC9
:10E4E000A9D00A23AFE700BFC52B0108FFF78CBFF7
:10E4F00013460A46014602480068FFF785BF00BF81
:10E50000980100208A89F8B5054610070C4657D4B3
:10E510004B68002B04DC0B6C002B01DC0020F8BDE9
:10E52000E66A002EFAD0002312F480522F68216A86
:10E530002B6032D0606DA3895A0705D56368C01A75
:10E54000636B0BB1236CC01A00230246E66A2846AF
:10E55000216AB047431CA38906D129681D292BD8FD
:10E56000284A0A41D60727D4002262602269D904CA
:10E57000226004D5421C01D12B6803B96065616B30
:10E580002F600029CAD004F14403994202D02846E2
:10E5900000F098FB00206063C1E701232846B047E4
:10E5A000411CC8D12B68002BC5D01D2B01D0162BC8
:10E5B00001D12F60B2E7A38943F04003A381AEE706
:10E5C0000F69002FAAD0930718BF00230E6808BF59
:10E5D0004B69F61B0F608B60002E9FDD33463A4679
:10E5E0002846216AD4F828C0E047002806DCA38921
:10E5F0004FF0FF3043F04003A38190E70744361A01
:10E60000EAE700BFFEFFBFDF38B50B6905460C46E1
:10E6100013B90025284638BD18B1036A0BB900F0BC
:10E62000A9F8B4F90C30002BF3D0626ED00704D4F3
:10E63000990502D4A06D00F015FB28462146FFF78E
:10E6400061FF636E0546DA07E4D4A3899B05E1D434
:10E65000A06D00F008FBDDE7014620B9044A05493A
:10E66000054800F09FB8054B1868FFF7CDBF00BF05
:10E670004001002009E600084C010020980100201C
:10E68000002310B50446C0E90033C0E904338360B9
:10E6900081814366C2818361194608225C3000F0A3
:10E6A000AFF9054B24626362044BA362044BE3623F
:10E6B000044B236310BD00BFDDE8000803E9000838
:10E6C0003BE900085FE90008024A0349034800F0FB
:10E6D00069B800BF4001002009E600084C01002095
:10E6E00041680C4B10B59942044601D0FFF78CFFEE
:10E6F000A168094B994202D02046FFF785FFE168E7
:10E70000064B994204D02046BDE81040FFF77CBF7D
:10E7100010BD00BF041500206C150020D41500208A
:10E7200010B50B4B0B4C0C4A20461A6004210022FA
:10E73000FFF7A6FF04F1680001220921FFF7A0FFFF
:10E7400004F1D0000222BDE810401221FFF798BF6B
:10E750003C16002004150020C9E60008014800F01E
:10E7600081BA00BF45160020014800F07CBA00BF06
:10E770004516002010B50446FFF7F0FF236A1BB1D1
:10E78000BDE81040FFF7F0BF044B2362044B1B6849
:10E79000002BF5D1FFF7C4FFF2E700BFE1E6000868
:10E7A0003C1600202DE9F84307468846144600260B
:10E7B000D4E90195B9F1010905D52468002CF7D1F8
:10E7C0003046BDE8F883AB89012B07D9B5F90E3087
:10E7D000013303D029463846C04706436835E9E788
:10E7E0000CB430B5174B0C1E1D689DB008DA8B2396
:10E7F0004FF0FF302B601DB0BDE8304002B07047D5
:10E800004FF40273ADF814300CBF234604F1FF330C
:10E81000049307934FF6FF7302900690ADF81630FD
:10E82000284621AB209A02A9019300F0EDFA431C7F
:10E83000BCBF8B232B60002CDDD00022029B1A7002
:10E84000D9E700BF980100200EB46FF0004100B579
:10E850009CB01DAB029006900791049108480949AD
:10E8600053F8042B0591006802A9019300F0CCFA3B
:10E870000022029B1A701CB05DF804EB03B07047D5
:10E88000980100200802FFFF0EB44FF4017230B56A
:10E890009CB01FAC54F8045BADF8142002900690B5
:10E8A00000F008FA0B4B03900B9300230F93149383
:10E8B0004FF6FF7307900848ADF816302A462346F6
:10E8C00002A90068019400F0F7FB1CB0BDE83040DD
:10E8D00003B07047FFE800089801002010B50C460F
:10E8E000B1F90E1000F086F90028ABBF636DA38963
:10E8F0001B1823F48053ACBF6365A38110BD0020B7
:10E9000070472DE9F0411F468B890546DB050C4613
:10E91000164605D502230022B1F90E1000F058F971
:10E92000A389324623F48053A38128463B46B4F999
:10E930000E10BDE8F04100F083B910B50C46B1F9F6
:10E940000E1000F045F9431CA38915BF606523F440
:10E95000805343F48053A38118BFA38110BDB1F944
:10E960000E1000F025B9000030B500240D4609490D
:10E970009BB0CDE90314694600940294059400F01D
:10E9800043FA0028A1BF009B1C70049B2B601BB0A6
:10E9900030BD00BF8802FFFF13460A460146024809
:10E9A0000068FFF7E1BF00BF9801002010B50139F2
:10E9B0000244904201D1002005E0037811F8014F94
:10E9C000A34201D0181B10BD0130F2E7884210B5F8
:10E9D00001EB020402D98442234607D8431EA14218
:10E9E00008D011F8012B03F8012FF8E70146024483
:10E9F0008A4200D110BD13F8014D02F8014DF7E72E
:10EA000003460244934200D1704703F8011BF9E723
:10EA100030B504460A4D14F8013BEA5C02F00302EB
:10EA2000012A11F8012B08BF2033A85C00F0030075
:10EA3000012808BF2032981A01D1002AEBD130BD3D
:10EA4000C52B010870B505460D4E0A448A4201D116
:10EA5000002013E015F8013B11F8014BF05C00F0C9
:10EA600003000128305D08BF203300F003000128B7
:10EA700008BF2034181B01D1002CE7D170BD00BFA6
:10EA8000C52B010810B56AB10139841810F8012BA3
:10EA900011F8013F9A4203D1A04201D0002AF5D1DA
:10EAA000D01A10BD1046FCE7034610B5013932B14B
:10EAB00011F8014F013A03F8014B002CF7D1002166
:10EAC0001A44934200D110BD03F8011BF9E7F0B5D9
:10EAD00008B9106888B104460F46204614F8015B57
:10EAE00017F8016B1EB965B92846156005E0B542F7
:10EAF000F6D1002BF0D114600370F0BD1C460CE081
:10EB000015B90E4614F8013B16F8015BAB42F7D17C
:10EB1000002BF3D0002304F8013C1460EDE701233F
:10EB2000FFF7D5BF0A7870B56AB970BD9A4209D1AE
:10EB30000C46054614F8013F002BF6D015F8016F7E
:10EB40009E42F7D001300378002BEFD11846ECE756
:10EB50001F2938B504460D4604D9162303604FF02B
:10EB6000FF3038BDC26B12B152F821304BB920468C
:10EB700000F064F82A4601462046BDE8384000F01F
:10EB80004BB8012B0AD0591C03D116230360012076
:10EB9000E7E70024284642F8254098470020E0E7B0
:10EBA000024B01461868FFF7D3BF00BF9801002051
:10EBB00038B50023054D044608462B60F7F790FA58
:10EBC000431C02D12B6803B1236038BD40160020DE
:10EBD00038B50446084611460022054D2A601A46FB
:10EBE000F7F77CFA431C02D12B6803B1236038BDD0
:10EBF0004016002038B50446084611460022054D4F
:10EC00002A601A46F7F768FA431C02D12B6803B151
:10EC1000236038BD4016002038B50023064D044659
:10EC2000084611462B60F7F75FFA431C02D12B68A8
:10EC300003B1236038BD00BF40160020F7F752BA79
:10EC400038B50446084611460022054D2A601A468A
:10EC5000F7F740FA431C02D12B6803B1236038BD9B
:10EC60004016002070477047EC46A0E8F05F4FF078
:10EC700000007047B0E8F05FE546080008BF0120DB
:10EC8000704700BF10F8012B11F8013B012A28BF83
:10EC90009A42F7D0D01A70470A44914200F1FF33EC
:10ECA00000D1704710B511F8014B914203F8014FA4
:10ECB000F9D110BD034613F8012B002AFBD1181A15
:10ECC0000138704738B50546002940D051F8043C5A
:10ECD0000C1F002BB8BFE418FFF78AFB1C4A13680F
:10ECE00033B9636014602846BDE83840FFF786BB3F
:10ECF000A34208D9206821188B4201BF19685B68BC
:10ED000009182160EDE71A465B680BB1A342FAD9F6
:10ED100011685018A0420BD120680144501883425A
:10ED20001160E0D118685B68084410605360DAE74E
:10ED300002D90C232B60D6E7206821188B4201BF33
:10ED400019685B680918216063605460CBE738BDBF
:10ED5000FC1400202DE9F0471F468E688246BE4213
:10ED60000C4690460B682CD88A8912F4906F26D0F6
:10ED70006569096905EB4505A3EB010905EBD57547
:10ED80007B1C4B446D109D4238BF1D46530527D553
:10ED90002946FFF7B7FA064660B34A462169FFF7EE
:10EDA0007BFFA38923F4906343F08003A381266152
:10EDB0004E4426603E466561A5EB0905A560BE424E
:10EDC00000D93E46324641462068FFF7FFFD00204D
:10EDD000A3689B1BA360236833442360BDE8F087CE
:10EDE0002A4600F040FE06460028E0D15046216940
:10EDF000FFF768FF0C23CAF80030A3894FF0FF30FB
:10EE000043F04003A381E9E72DE9F04F98468B8951
:10EE100007461B060D4614469DB00ED50B6963B917
:10EE20004021FFF76FFA2860286120B90C233B606E
:10EE30004FF0FF30D0E040236B6100230993202383
:10EE40008DF8293030234FF00109CDF80C80DFF820
:10EE5000A0818DF82A3023469A4613F8012B0AB177
:10EE6000252AF9D1BAEB040B0BD05B462246294682
:10EE70003846FFF76FFF013000F0A980099A5A4425
:10EE800009929AF80030002B00F0A18000234FF087
:10EE9000FF32CDE905230AF1010A049307938DF8A7
:10EEA00053301A935446052214F8011B504800F0C1
:10EEB000CCFD049AD8B9D00644BF20238DF8533036
:10EEC000110744BF2B238DF853309AF800302A2BBA
:10EED00015D0544600204FF00A0C079A214611F82D
:10EEE000013B303B092B4DD9B0B1079214E0A0EBA8
:10EEF000080309FA03F31343A2460493D2E7039BE2
:10EF0000191D1B680391002BBBBF5B4242F002023C
:10EF100007930793B8BF049223782E2B0CD1637804
:10EF20002A2B34D1039B02341A1D1B680392002B39
:10EF3000B8BF4FF0FF330593DFF8B8A00322504667
:10EF4000217800F082FD38B14022049BA0EB0A003A
:10EF5000824013430134049314F8011B062226480F
:10EF60008DF8281000F071FD002838D0234B1BBB12
:10EF7000039B073323F0070308330393099B3344B0
:10EF8000099368E70C4601200CFB0232A6E7002338
:10EF90004FF00A0C194601340593204610F8012B56
:10EFA000303A092A03D9002BC6D00591C4E704469C
:10EFB00001230CFB0121F0E703AB00932A463846FE
:10EFC0000F4B04A9AFF30080421C0646D6D1AB8993
:10EFD0005B063FF52DAF09981DB0BDE8F08F03AB80
:10EFE00000932A463846064B04A900F04FFAEBE797
:10EFF000C52C0108CB2C0108CF2C01080000000013
:10F0000055ED000838B54B1C144603D14FF0FF35C1
:10F01000284638BD9389CDB223F020039381636BDA
:10F0200052688BB1A36B934208DD23685A1E22609D
:10F0300003F8015C636801336360E9E7214600F08F
:10F04000CCFC0028F1D0E1E72169236851B1994255
:10F0500008D213F8011CA94204D1013B01322360FC
:10F060006260D5E7C4E90F3204F14403636303230C
:10F07000A363234603F8465F23600123DCE710B552
:10F080000C46496B69B104F14403994201D0FFF782
:10F0900019FE0020236C6063636013B1E36B23608F
:10F0A00010BD23694FF0FF30236000236360A38904
:10F0B00043F02003A381F3E72DE9F0470C4600213C
:10F0C0000646ADF5227DCDE94411A6490DF10408AF
:10F0D000A091A549A54FDFF89892CDF81881A1918C
:10F0E00000931378002B00F05A81F95C551C11F045
:10F0F000080119D06368002B0FDD23681A78BA5C09
:10F10000120701D42A46ECE7459A013301324592B1
:10F1100062682360013A6260ECE721463046A19BB9
:10F1200098470028E9D0EDE7252B12D09A4663686E
:10F13000002B40F3928022681378534540F02F81D2
:10F1400063680132013B6360459B22600133459354
:10F15000D8E74191439153782A2B04BF1023951C83
:10F160004FF00A0208BF4193AA461AF8011BA1F109
:10F170003003092B1CD903227D4800F066FC38B10E
:10F1800001235546419AA0EB090083401343419364
:10F1900015F8013B782B06D8572B10D8252BC5D056
:10F1A00056D8002B64D0032347930A23429375E07B
:10F1B000439B554602FB031130394391D4E7A3F139
:10F1C0005802202AEFD801A151F822F07FF200085E
:10F1D000A7F10008A7F10008DDF20008A7F1000878
:10F1E000A7F10008A7F10008A7F10008A7F100089F
:10F1F000A7F10008A7F10008F3F20008D9F200080F
:10F2000057F2000857F2000857F20008A7F100086B
:10F2100095F20008A7F10008A7F10008A7F100087F
:10F22000A7F1000803F30008D1F2000877F2000804
:10F23000A7F10008A7F10008FFF20008A7F10008F5
:10F24000D9F20008A7F10008A7F100087FF2000832
:10F25000453B022BA7D805231FE021463046A19B42
:10F26000984700283FF467AF4498002840F08D800D
:10F270004FF0FF308FE0419A42F020024192419AD4
:10F2800042F40072419210226F2B34BF03230423F7
:10F29000429202E000234293032347936368002BCA
:10F2A0003DDD419B590604D423681A78BA5C1207E5
:10F2B0003CD4479B022B4BDC6B462246304641A98F
:10F2C00000F006FA01286AD002287FF41BAFCBE7D2
:10F2D000082342930423E0E70A22D5E72946404663
:10F2E00000F042FB419B054643F04003419301235C
:10F2F000D3E7419B43F0400341930023CDE7022332
:10F30000CBE74198C3063FF5FDAE009B459A191D1A
:10F3100000911B68C0074CBF1A801A60F2E62146B4
:10F320003046A19B98470028BBD09DE7459A013203
:10F3300045926268013A002A626002DD013323606F
:10F34000B2E721463046A19B98470028ACD08BE716
:10F35000042B0FDC6B462246304641A900F012FA1E
:10F36000B0E700BF05F000087FF00008C52B0108DA
:10F37000CB2C01080B4B002B3FF4C4AE6B4622464E
:10F38000304641A9AFF300809CE7A38913F0400FFA
:10F3900018BF4FF0FF300DF5227DBDE8F08744988F
:10F3A000F9E700BF000000002DE9F0471646994636
:10F3B0008A680B6907469342B8BF1346336091F8D9
:10F3C00043200C46DDF820800AB101333360236806
:10F3D000990642BF336802333360256815F006058D
:10F3E00006D104F1190AE36832689B1AAB422BDCA0
:10F3F00094F84320131E226818BF0123920630D4CC
:10F400004946384604F14302C047013023D02368FF
:10F41000226903F00603042B14BF002533684FF064
:10F42000000608BFE56804F11A0408BFED1A54F895
:10F43000123C08BF25EAE5759342C4BF9B1AED183C
:10F44000B5421AD1002008E0012352464946384609
:10F45000C047013003D14FF0FF30BDE8F0870135E0
:10F46000C1E73020E11881F843005A1C94F8451098
:10F470002244023382F84310C2E701232246494660
:10F480003846C0470130E6D00136D9E72DE9FF47BD
:10F490000F7E9146782F80460C469A460C9D01F1CE
:10F4A000430207D8622F0AD8002F00F0D580582FCA
:10F4B00000F0C18004F1420584F842703AE0A7F1FF
:10F4C0006303152BF6D801A151F823F025F50008A8
:10F4D00039F50008B5F40008B5F40008B5F40008E3
:10F4E000B5F4000839F50008B5F40008B5F40008D3
:10F4F000B5F40008B5F400083FF6000865F500080B
:10F50000F9F50008B5F40008B5F4000861F6000844
:10F51000B5F4000865F50008B5F40008B5F4000876
:10F5200001F600082B681A1D1B682A6004F14205C9
:10F5300084F842300123A0E020682B68070603F11D
:10F540000401296001D51E6803E04606FBD5B3F926
:10F550000060002E03DA2D23764284F843300A231C
:10F56000594812E02B682068191D2960050601D54D
:10F570001E6802E04106FBD51E886F2F0CBF0823D2
:10F580000A235148002184F843106568002DA8BF64
:10F590002168A560A4BF21F0040121600EB9002DEF
:10F5A0004BD01546B6FBF3F103FB1167C75D05F8B9
:10F5B000017D3746BB420E46F4D9082B0BD1236898
:10F5C000DE0708D5236961689942DEBF302305F85C
:10F5D000013C05F1FF35521B22614B462146404656
:10F5E000CDF800A003AAFFF7DFFE01304AD14FF0AB
:10F5F000FF3004B0BDE8F087236843F020032360A8
:10F600007827324884F84570236829681F0651F826
:10F61000046B02D45F0648BFB6B2DF0748BF43F0B1
:10F620002003296048BF23601EB9236823F020030C
:10F6300023601023A6E72448E4E71546BDE72B68BE
:10F640002668181D6169286035061B6801D5196098
:10F6500002E07006FBD51980002315462361BCE744
:10F660002B6800211A1D2A601D686268284600F078
:10F67000ECF908B1401B606063682361002384F8E3
:10F680004330AAE72A46494640462369D04701301D
:10F69000ADD023689B0713D4E068039B9842B8BFA2
:10F6A0001846A6E70123324649464046D047013076
:10F6B0009DD00135E36803995B1AAB42F2DCEBE7BE
:10F6C000002504F11906F5E7D62C0108E72C0108FE
:10F6D0002DE9F84315468A6880460C4632B98A6996
:10F6E000002A0CBF01224FF0FF328A6000272268F7
:10F6F000DFF88C90D1065FBF1A68111D196016687B
:10F70000A06988B1012807D12B681A7863699B5CCE
:10F7100053B9002F31D022E0022820D12B681B786A
:10F7200019F803301B071AD423680137DA065EBFC5
:10F730002B681B7806F8013B2A686B6801322A6047
:10F74000A268013B013A6B60A26042B1002BD7DC9A
:10F7500029464046D4F8803198470028D0D0236805
:10F7600013F0100305D1E2680132E260A26902B130
:10F770003370002023693B442361BDE8F88300BF58
:10F78000C52B01082DE9F04F0C469846724B87B007
:10F790008246164693E8070003AB83E807006F4BE9
:10F7A000A1696F4A2746032918BF1A46A368019228
:10F7B0005A1EB2F5AE7F81BF6FF4AE7503EB05093B
:10F7C00040F25D13A36057F81C3B98BF4FF000094F
:10F7D0003D464FF0000B43F450632360316803ABA8
:10F7E0000222097853F82B0000F02FF928B3BBF15F
:10F7F000010F59D162682AB908232268636042F474
:10F8000000722260226822F4A0622260A268511E67
:10F81000A16092B13268511C3160127805F8012B59
:10F820007268013A002A726007DC31465046D4F80B
:10F8300080219047002840F085800BF1010BBBF13F
:10F84000030FCBD163680BB90A2363606368454932
:10F850006069C91A00F088F84FF0000BA3682268AD
:10F86000002B3DD03168606991F800C010F80C00A1
:10F87000002835D0BCF1300F24D1100522D50BF172
:10F88000010BB9F1000F03D0013309F1FF39A36077
:10F890007368013B002B73601BDD336801333360F9
:10F8A000A368013BA360D9E7BBF1020FAED1226888
:10F8B00002F4C061B1F5007FBFD1102342F4807221
:10F8C0006360A2E722F4106222600B7805F8013B26
:10F8D000DEE731465046D4F8803198470028DFD023
:10F8E0002368D9050DD5BD4209D915F8011C32464A
:10F8F0005046D4F87C3105F1FF3998474D46BD425A
:10F9000028D0226812F0100213D12A703946636899
:10F910005046019EB047D8F8003021681A1DC8F83B
:10F92000002011F0200F1B680FD01860E36801332E
:10F93000E36000202369ED1B5D442B44236107B085
:10F94000BDE8F08F4FF0000BCAE7CA074CBF188024
:10F950001860EBE70120F2E7102D0108EDE4000844
:10F96000C1FB0008082D010870B50B7804465E2B1A
:10F970000BBF4B784A1C8A1C002108BF01210138AB
:10F9800004F1FF0500F8011FA842FBD10BB9501E7E
:10F9900070BD81F001011046E154024612F8015B8E
:10F9A0002D2D05D05D2D16D0002DF1D02B46F2E780
:10F9B00046785D2EFAD0B342F8DC1A4602300132A6
:10F9C0009642A154FBDCF21A013AB342A8BF0022CE
:10F9D0005D1CAB18E1E71046DAE72DE9F0410C4673
:10F9E000496B04F1440399421BD14FF48061FEF747
:10F9F00089FC18B94FF0FF30BDE8F0814FF4806307
:10FA0000A36394F84630606380F8FF3394F8453080
:10FA100000F2FD30437094F8443003702060002001
:10FA2000EAE7A66B77003A4600F01DF80546002885
:10FA3000E0D000EB0608014632464046FFF72CF9BD
:10FA4000C4E90D57C4F80080E9E7034610B5C9B210
:10FA500002449342184601D1002003E004780133A8
:10FA60008C42F6D110BD2DE9F041804614460E4679
:10FA700021B91146BDE8F041FEF744BC2AB9FFF7B1
:10FA800021F925462846BDE8F08100F0A1F884421E
:10FA9000074602D8B4EB500F12D821464046FEF775
:10FAA00031FC05460028EDD0BC422246314628BF35
:10FAB0003A46FFF7F1F831464046FFF703F9E1E730
:10FAC0003546DFE7012B2DE9F0478646904601D009
:10FAD000242B06D900F076F8162303600020BDE839
:10FAE000F0870D4635482A4615F8014B065D16F09D
:10FAF0000806F8D12D2C2ED101262C78951C002B30
:10FB000057D0102B09D1302C07D12A7802F0DF0210
:10FB1000582A49D110236C780235002206F1004C96
:10FB20000CF1FF3CBCFBF3F9104603FB19CAA4F12E
:10FB30003007092F14D83C46A34220DD571C07D0BC
:10FB4000814519D301D1A24516DB012200FB0340F8
:10FB500015F8014BEBE72B2C04BF2C78951CCEE756
:10FB6000A4F14107192F01D8373CE5E7A4F161075B
:10FB7000192F04D8573CDFE74FF0FF32E8E7531C5A
:10FB800008D122236046CEF80030B8F1000FA6D08D
:10FB9000691E06E006B14042B8F1000F9FD0002A6E
:10FBA000F6D1C8F800109AE73024002BB5D108230D
:10FBB000B3E7302CA9D00A23AFE700BFC52B01085B
:10FBC000FFF780BF014B1868704700BF9801002005
:10FBD00051F8043C181F002BBCBF0B58C0187047CD
:10FBE000436F727465782D4D2074696D656F7574FF
:10FBF00020746F207761697420666F722064657667
:10FC00006963652068616C74733A2025640A004258
:10FC10006C61636B204D616769632050726F626530
:10FC20002076312E31302E302D3233372D67333957
:10FC3000636236643631002C2048617264776172E9
:10FC4000652056657273696F6E2025640A00436FE4
:10FC50007079726967687420284329203230313006
:10FC60002D3230323320426C61636B204D61676905
:10FC7000632044656275672050726F6A6563740A19
:10FC8000004C6963656E73652047504C76332B3AA0
:10FC900020474E552047504C2076657273696F6E31
:10FCA0002033206F72206C61746572203C6874741C
:10FCB000703A2F2F676E752E6F72672F6C696365B0
:10FCC0006E7365732F67706C2E68746D6C3E0A0AD4
:10FCD000006465636F6465004368616E6E656C20E7
:10FCE0006D61736B3A2000547261636520656E61CB
:10FCF000626C656420666F7220424D50207365729D
:10FD000069616C2025732C205553422045502035C5
:10FD10000A006F666600796573006E6F00696E2079
:10FD200000656E61626C6564007274743A202573BC
:10FD300020666F756E643A202573206964656E7461
:10FD40003A200022257322002068616C743A202535
:10FD50007300206368616E6E656C733A2000617594
:10FD6000746F2000256C75200072616D3A20307828
:10FD70002530386C782030782530386C78000A6D62
:10FD8000617820706F6C6C206D733A20256C752043
:10FD90006D696E20706F6C6C206D733A20256C75E8
:10FDA000206D617820657272733A20256C750A00A7
:10FDB0006368616E6E656C006964656E7400256CC5
:10FDC0007520256C7520256C750A0063626164647A
:10FDD000723A2030782530386C780A0063682065E4
:10FDE0006E6120692F6F2062756666657240202003
:10FDF0002020202073697A652020206865616420B6
:10FE000020207461696C20666C61670A0025326C81
:10FE10007520202025632025732030782530386C0C
:10FE2000782025366C752025366C752025366C7546
:10FE30002025346C750A0072616D0061646472651E
:10FE400073733F0A00706F6C6C00776861743F0ACF
:10FE50000063626C6F636B0073746174757300642C
:10FE6000697361626C656400417661696C61626CA2
:10FE70006520546172676574733A0A004E6F2E20D4
:10FE8000417474204472697665720A004E6F207561
:10FE90007361626C65207461726765747320666F4C
:10FEA000756E642E0A0041524D20436F727465785E
:10FEB0002D4D002A2A2A25327520256320556E6B88
:10FEC0006E6F776E2025732044657369676E657267
:10FED0002030782578205061727420494420307891
:10FEE00025782025730A00253275202533632020CC
:10FEF00025732025730A004672657175656E6379F6
:10FF0000206D75737420626520616E20696E746562
:10FF10006772616C2076616C756520706F737369B0
:10FF2000626C7920666F6C6C6F77656420627920F3
:10FF3000276B27206F7220274D270053574A2066D2
:10FF40007265712066697865640A0043757272652E
:10FF50006E742053574A206672657120256C75486F
:10FF60007A0A0054617267657420766F6C746167F9
:10FF7000653A2025730A0054696D656F75742064B5
:10FF80007572696E67207363616E2E2049732074E9
:10FF9000617267657420737475636B20696E205796
:10FFA00046493F0A00457863657074696F6E3A2070
:10FFB00025730A004A5441472064657669636520C9
:10FFC0007363616E206661696C6564210A004A543E
:10FFD0004147207363616E20666F756E64206E6F9B
:10FFE00020646576696365732C20747279696E6725
:10FFF00020535744210A00535744207363616E20F5
:020000040801F1
:10000000666F756E64206E6F2064657669636573D4
:100010002E0A006175746F207363616E20666169DA
:100020006C6564210A00535744207363616E206637
:1000300061696C6564210A0047656E6572616C20B8
:10004000636F6D6D616E64733A0A00092573202D2C
:100050002D2025730A006E6F7420617474616368CB
:1000600065640A00686561705F626173653A2025A6
:1000700030386C7820686561705F6C696D69743ABE
:10008000202530386C7820737461636B5F62617314
:10009000653A202530386C7820737461636B5F6C2F
:1000A000696D69743A202530386C780A005365749C
:1000B0002073656D69686F7374696E672068656128
:1000C00070696E666F3A20484541505F4241534522
:1000D00020484541505F4C494D49542053544143B9
:1000E0004B5F4241534520535441434B5F4C494D74
:1000F000495400200900656E61626C650027656ED9
:1001000061626C6527206F72202764697361626C7D
:10011000652720617267756D656E74206D757374E7
:100120002062652070726F76696465640A00646994
:100130007361626C6500556E7265636F676E697A94
:10014000656420636F6D6D616E6420666F726D61B2
:10015000740A00417373657274206E5253542064A4
:100160007572696E6720636F6E6E6563743A2025E1
:10017000730A0076657273696F6E00446973706C00
:100180006179206669726D77617265207665727338
:10019000696F6E20696E666F0068656C70004469F7
:1001A00073706C61792068656C7020666F72206D69
:1001B0006F6E69746F7220636F6D6D616E64730032
:1001C0006A7461675F7363616E005363616E204A96
:1001D00054414720636861696E20666F72206465D0
:1001E0007669636573007377645F7363616E005350
:1001F00063616E2053574420696E74657266616353
:100200006520666F7220646576696365733A205B6A
:100210005441524745545F49445D00737764705FB1
:100220007363616E00446570726563617465643AFE
:1002300020757365207377645F7363616E20696EE8
:100240007374656164006175746F5F7363616E00E0
:100250004175746F6D61746963616C6C792073634F
:10026000616E20616C6C20636861696E20747970C6
:10027000657320666F7220646576696365730066D6
:1002800072657175656E637900736574206D696E52
:10029000696D756D206869676820616E64206C6F98
:1002A000772074696D65733A205B465245515D0055
:1002B000446973706C6179206C697374206F662077
:1002C000617661696C61626C6520746172676574E6
:1002D000730068616C745F74696D656F7574005448
:1002E000696D656F757420746F207761697420750E
:1002F0006E74696C20436F727465782D4D2069733C
:100300002068616C7465643A205B54494D454F55D3
:10031000542C2064656661756C7420323030306D09
:10032000735D00636F6E6E6563745F727374004318
:100330006F6E66696775726520636F6E6E65637454
:1003400020756E6465722072657365743A205B6512
:100350006E61626C657C64697361626C655D00509E
:10036000756C736520746865206E525354206C69F7
:100370006E65202D20646973636F6E6E65637473A0
:10038000207461726765743A205B50554C53455F29
:100390004C454E2C2064656661756C7420306D731D
:1003A0005D007464695F6C6F775F7265736574007C
:1003B00050756C7365206E525354207769746820B1
:1003C00054444920736574206C6F7720746F2061EA
:1003D0007474656D707420746F2077616B65206331
:1003E00065727461696E20746172676574732075DB
:1003F0007020286567204C50433832782900727489
:1004000074005B656E61626C657C64697361626CCB
:10041000657C7374617475737C6368616E6E656C02
:10042000205B302E2E3135202E2E2E5D7C696465AA
:100430006E74205B5354525D7C63626C6F636B7CA3
:1004400072616D205B52414D5F53544152542052B2
:10045000414D5F454E445D7C706F6C6C205B4D413F
:10046000584D53204D494E4D53204D415845525201
:100470005D5D00747261636573776F0053746172C0
:100480007420747261636520636170747572652C89
:10049000204D616E63686573746572206D6F64656D
:1004A0003A205B6465636F6465205B4348414E4E50
:1004B000454C5F4E52202E2E2E5D5D0068656170AA
:1004C000696E666F00000000730101087D0100087D
:1004D0007B01010899010108050A00089E01010835
:1004E000C0010108A1070008CA010108E6010108CE
:1004F00039090008EF0101081B0201083909000849
:1005000025020108460201085908000850020108A6
:100510007F0201083507000889020108CA020108A4
:1005200065060008B0020108D20201085101000866
:10053000DF02010823030108D90B00082F0301087B
:10054000AA030108110600085F030108A2030108BD
:1005500045060008B0030108FE0301085502000823
:100560000204010873040108B10100087C040108B9
:10057000BC040108490A0008AD00010800000000A1
:10058000000000000000000025782C25782C256351
:1005900000466F70656E2C2530386C582F2530382A
:1005A0006C582C253038582C2530386C5800466350
:1005B0006C6F73652C253038580046726561642C69
:1005C000253038582C2530386C582C2530385800B8
:1005D0004677726974652C253038582C2530386C74
:1005E000582C2530385800466C7365656B2C2530C7
:1005F00038582C2530386C582C2530385800467225
:10060000656E616D652C2530386C582F2530386C3F
:10061000582C2530386C582F2530386C58004675CA
:100620006E6C696E6B2C2530386C582F2530386C09
:10063000580046737461742C2530386C582F25305F
:10064000386C582C2530386C5800466673746174C9
:100650002C25582C2530386C580046676574746911
:100660006D656F666461792C2530386C582C2530A7
:10067000386C5800466973617474792C2530385889
:10068000004673797374656D2C2530386C582F25AE
:1006900030386C58002553746F703A573030005919
:1006A0006F7520617265206E6F7720646574616379
:1006B0006865642066726F6D20746865207072656D
:1006C00076696F7573207461726765742E0A0045D0
:1006D000303100514331004F4B004530330043254A
:1006E0006C78005061636B657453697A653D255879
:1006F0003B71586665723A6D656D6F72792D6D61EB
:10070000703A726561642B3B71586665723A666532
:100710006174757265733A726561642B3B76436FE1
:100720006E74537570706F727465642B00466169E6
:100730006C65640A006D3100454646006D256C7895
:100740002C256C7800453032004D256C782C256CBA
:10075000783A256E00482563256C780058314400AE
:1007600070256C780050256C783D256E0058256CFE
:10077000782C256C783A256E007641747461636834
:100780003B2530386C78005430357468726561648C
:100790003A313B00764B696C6C3B007652756E00CB
:1007A0005430350076436F6E740076436F6E743B41
:1007B000633B433B733B740076466C6173684572E0
:1007C0006173653A2530386C782C2530386C7800A8
:1007D00076466C61736857726974653A2530386C77
:1007E000783A256E0076466C617368446F6E6500DA
:1007F0007653746F7070656400764D7573745265CE
:10080000706C79456D70747900252A5B7A5A5D2584
:100810006C752C2530386C782C256C75005425307F
:10082000325800542530325877617463683A253065
:10083000386C583B007152636D642C0071537570B5
:10084000706F727465640071586665723A6D656D9B
:100850006F72792D6D61703A726561643A3A007118
:10086000586665723A66656174757265733A726549
:1008700061643A7461726765742E786D6C3A0071C8
:100880004352433A00714300716654687265616473
:10089000496E666F007173546872656164496E6673
:1008A0006F005153746172744E6F41636B4D6F648E
:1008B00065007141747461636865640035080108FE
:1008C000111100083C0801088510000847080108BC
:1008D000311200085F080108E11100087F080108D3
:1008E0002510000885080108C10F000888080108C4
:1008F000A511000895080108A5110008A208010823
:10090000DD0F0008B2080108710F000800000000A8
:10091000000000004F00556E6361756768742065C4
:100920007863657074696F6E3A2025730A0072747B
:10093000743A2072656164206661696C206174207C
:100940003078256C780D0A007274743A2062616404
:100950002063626C6F636B0D0A007274743A2065D9
:100960006D7074792063626C6F636B0D0A00727432
:10097000743A206572720D0A000D0A727474206C4C
:100980006F73740D0A0000008130000809340008FC
:100990005D34000885350008C9350008BD360008FB
:1009A00085360008F9360008813700083538000818
:1009B000000000000000000000000000040100042E
:1009C00000020200000000000000000000A24A0433
:1009D0000051250200A24A0407010004000202019E
:1009E000000000000000000000A24A04005125029F
:1009F00000A24A04070100040002020401040600E8
:100A00000000000000A24A040051250200A24A048E
:100A100001010000000000000000000000000000D4
:100A200000366E0100366E0100366E0107010004CB
:100A300000030200000000000000000000A24A04C1
:100A40000051250200A24A04DF60DDD88945C74C69
:100A50009CD2659D9E648A9F440065007600690073
:100A60006300650049006E00740065007200660056
:100A70006100630065004700550049004400000024
:100A80007B003700360062006500350063006100BE
:100A900031002D0065003300300035002D0034009A
:100AA0006200330032002D006200650035006600F0
:100AB0002D00640039003300360039006400330033
:100AC000640032003000310061007D0000007B00D6
:100AD00037003600620065003500630061003100B8
:100AE0002D0065003300300034002D00340062001A
:100AF000330032002D0062006500350066002D00D5
:100B000064003900330036003900640033006400AB
:100B100032003000310061007D000000426C6163F2
:100B20006B204D6167696320446562756700426CA4
:100B300061636B204D6167696320474442205365C0
:100B40007276657200426C61636B204D6167696308
:100B5000205541525420506F727400426C61636B97
:100B6000204D616769632044465500426C61636BA8
:100B7000204D616769632054726163652043617031
:100B80007475726500050F000001AD0B01080902C4
:100B9000000006010080FA600C010812010102EF5A
:100BA000020120501D18600901010203011C1005FB
:100BB00000DF60DDD88945C74C9CD2659D9E648A64
:100BC0009FF00C0108080B0401FE01010609210930
:100BD000FF0000041A010904040000FE01010600E0
:100BE000000000CD0B010809000000080B00020204
:100BF0000200040524001001052401000104240260
:100C0000020524060001070582031000FF00000012
:100C10000000000000090400000102020004060CAC
:100C20000108F30B01081300000007050102400052
:100C300001000000000000000007058102400001E3
:100C4000000000000000000009040100020A00008A
:100C5000002A0C0108000000000000000000000055
:100C60000000000001000000EB0B0108150C01085A
:100C7000000000000100000000000000480C010816
:100C80000000000001000000840D0108AE0D010805
:100C9000000000000100000000000000E10D01085C
:100CA0000000000001000000C50B0108D60B010880
:100CB0000000000001000000580D01086F0D010840
:100CC0000800010000000000D00C01080200000034
:100CD0000800020004000000080D010802000000E6
:100CE0000800020005000000300D010802000000AD
:100CF000000003064A0101000A000000000003068C
:100D000000000101C00C01081400030057494E55B2
:100D1000534200000000000000000000000004003A
:100D200001002800580A01084E000000CE0A010800
:100D30001400030057494E555342000000000000C4
:100D4000000000000000040001002800580A01080B
:100D50004E000000800A0108080B0501FFFFFF0795
:100D600007058502400000000000000000000009A7
:100D700004050001FFFFFF07600D010800000000EF
:100D800000000000080B020202020005052400100A
:100D900001052401000304240202052406020307BE
:100DA0000584031000FF000000000000000009049B
:100DB000020001020200059F0D01088C0D010813BD
:100DC00000000007050302200001000000000000F1
:100DD0000000070583024000010000000000000041
:100DE0000009040300020A000000C30D010800000E
:100DF00000000000000000001C0B01080FFC0008B0
:100E0000241200202E0B0108450B01085B0B010882
:100E10006B0B0108000054697661000000000000BF
:100E20000000010E010000000000001002000000A0
:100E30000000001003000000000000100800000087
:100E40000000010E0A000000000000100B0000006E
:100E5000000000100C0000000000010E0D0000005A
:100E6000000000100E000000000000100101000052
:100E70000000001071040000000000109004000049
:100E800000000010C004000000000010C3040000B7
:100E900000000010C404000000000010C70400009F
:100EA00000000010C8040000000000100609140033
:100EB00000000010070921000000001008091200BE
:100EC00000000010100900000000001012091100BD
:100ED0000000001013094300000000101409110065
:100EE0000000001017090000000000102009000099
:100EF000000000102109000000000010220900007D
:100F00000000001023091100000000102409130044
:100F10000000001025091300000000103009000037
:100F20000000001032093100310A001041090000B0
:100F300000000010500913000000001055090000C7
:100F40000000001056091300000000105F090000A7
:100F5000000000106109320000000010610921004A
:100F60000000001062090000000000106309630027
:100F7000630A001075091300134A0010A009160037
:100F800000000010A109110000000010A6091400C3
:100F9000141A0009A909110000000010A509000099
:100FA00000000010A709160000000010AF090000A3
:100FB00000000010050C000000000209070C1500DD
:100FC00000000209080C000000000209090C1500CD
:100FD000000002090F0C000000000010140C1500A6
:100FE00000000310D00C000000000010200D0000D5
:100FF000042A010E200D110000000009200D13002D
:1010000000000009200D3100310A0009200D000008
:10101000021A0009200D0000031A0009200D140017
:10102000141A0009210D0000042A010E210D3100BF
:10103000310A0009210D4300011A0009210D0000A9
:10104000021A0009210D0000031A0009210D1400E5
:10105000141A0009210D1300134A0009210D110073
:101060000000000932013100310A00093201430059
:10107000011A000932010000021A000932010000C1
:10108000031A000932011400141A00093201000089
:10109000042A010932011300134A00093201110028
:1010A00000000009A309130000000009FF0F000061
:1010B000000004104A5441472D445020696E766167
:1010C0006C69642041434B0053574420696E76613C
:1010D0006C69642041434B0053574420706172692E
:1010E0007479206572726F72004154333246343322
:1010F0003500413500413700413800413900523454
:1011000000523500535441522D4D4331004D33337D
:10111000004D3233004D33004D34004D37004D301B
:101120002B004D300075736167653A206D6F6E69F5
:10113000746F7220766563746F725F636174636845
:101140002028656E61626C657C64697361626C65A0
:10115000292028686172647C696E747C6275737C76
:10116000737461747C63686B7C6E6F63707C6D6D8F
:101170007C7265736574290A004361746368696EE3
:101180006720766563746F72733A200025732000C0
:1011900054696D656F75742073656E64696E672040
:1011A000696E746572727570742C20697320746135
:1011B0007267657420696E205746493F0A003A7489
:1011C00074005F657869742830782578290A005F93
:1011D00065786974283078257825303878290A00B0
:1011E00074656D7058582E746D700025732074618D
:1011F0007267657420257361726D2573203C666586
:101200006174757265206E616D653D226F72672E27
:10121000676E752E6764622E61726D2E6D2D707211
:101220006F66696C65223E003C726567206E616D79
:10123000653D22722575222062697473697A653D65
:10124000223332222F3E003C726567206E616D654D
:101250003D222573222062697473697A653D2225D7
:101260007522257325732F3E003C2F6665617475CA
:1012700072653E3C2F7461726765743E003C666522
:101280006174757265206E616D653D226F72672EA7
:10129000676E752E6764622E61726D2E766670229F
:1012A0003E3C726567206E616D653D2266707363BA
:1012B00072222062697473697A653D223332222F6B
:1012C0003E003C726567206E616D653D2264257548
:1012D000222062697473697A653D22363422207453
:1012E0007970653D22666C6F6174222F3E005365F4
:1012F0006D69686F7374696E67207374646F757459
:10130000207265646972656374696F6E3A20257333
:101310000A004D43553A204D616E756649443D3093
:101320007825783B205061727449443D30782578A7
:101330000A00506C65617365207265706F7274206D
:10134000756E6B6E6F776E20646576696365207766
:101350006974682044657369676E6572203078250A
:1013600078205061727420494420307825780A0032
:101370006D6D006E6F63700063686B0073746174F1
:101380000062757300696E740068617264006C724B
:101390000070630078707372006D7370007073700A
:1013A000007072696D61736B006261736570726960
:1013B000006661756C746D61736B00636F6E74723F
:1013C0006F6C00766563746F725F6361746368004D
:1013D000436174636820657863657074696F6E201B
:1013E000766563746F7273007265646972656374A5
:1013F0005F7374646F7574005265646972656374B9
:101400002073656D69686F7374696E6720737464A7
:101410006F757420746F205553422055415254000B
:101420002020202020200808080800009A13010826
:101430008E130108911301089413010899130108F0
:101440009D130108A1130108A9130108B113010894
:10145000BB130108000000000101010101010102AC
:101460000200010100000000C31301083D7C0008D8
:10147000D0130108E81301086D890008F81301086A
:10148000000000000000000000000000000000005C
:101490000200000001060000020600000902000030
:1014A0000A0200000000000001000000020000002D
:1014B000030000000400000005000000060000001A
:1014C0000700000008000000090000000A000000FA
:1014D0000B0000000C0000000D0000000E000000DA
:1014E0000F000000100000001100000012000000BA
:1014F0001400000021000000400000004100000036
:1015000042000000430000004400000045000000CD
:1015100046000000470000004800000049000000AD
:101520004A0000004B0000004C0000004D0000008D
:101530004E0000004F00000050000000510000006D
:10154000520000005300000054000000550000004D
:10155000560000005700000058000000590000002D
:101560005A0000005B0000005C0000005D0000000D
:101570005E0000005F000000AA03010800000000F8
:101580000000000000000000701301087313010840
:10159000781301087C1301088113010885130108E1
:1015A0008913010820736176652D726573746F72FB
:1015B000653D226E6F220020747970653D22646162
:1015C00074615F707472220020747970653D2263CB
:1015D0006F64655F70747222003C2F61726368698A
:1015E000746563747572653E0053595354454D20BC
:1015F000226764622D7461726765742E647464225C
:101600003E3C7461726765743E20203C6172636881
:1016100069746563747572653E003C3F786D6C203B
:1016200076657273696F6E3D22312E30223F3E3CEB
:1016300021444F4354595045000000007704A00B4B
:10164000FF0FFF0FE1720008000000000000000023
:1016500093000000FF0F00000000000001000000E8
:101660000600000000000000000000000000000074
:101670000000000000000000FFFFFFFFFFFFFFFF72
:1016800065726173650044657669636520697320DE
:10169000526561642050726F7465637465640A55A5
:1016A000736520606D6F6E69746F72206F707469FE
:1016B0006F6E2065726173656020746F20756E7047
:1016C000726F7465637420616E6420657261736506
:1016D000206465766963650A0075736167653A2001
:1016E0006D6F6E69746F72206F7074696F6E2065B4
:1016F000726173650A75736167653A206D6F6E6913
:10170000746F72206F7074696F6E203C61646472D4
:101710003E203C76616C75653E0A00307825303895
:10172000583A203078253034580A0047443332463E
:1017300033004744333246320047443332453500A4
:101740004744333245323330004744333246310068
:101750004154333246343033412F34303700415412
:10176000333246343135004D4D33324C303778000A
:101770004D4D33325350494E3035004D4D33325379
:1017800050494E3237004D4D3332463332373300F5
:101790004D4D333246353237370053544D33324690
:1017A000312028636C6F6E6529206D656469756DE5
:1017B0002064656E736974790053544D3332463139
:1017C000206D656469756D2064656E736974790058
:1017D00053544D33324630392F463033307863001E
:1017E00053544D33324630342F463037307836003C
:1017F00053544D33324630352F463033307838002D
:1018000053544D33324630370053544D3332463003
:10181000330053544D3332204C442F4D442F564CFB
:101820002D4C442F564C2D4D440053544D333246CD
:10183000312020564C2064656E73697479005354CE
:101840004D33322048462F434C2F564C2D484400F0
:1018500053544D333246312020584C2064656E730A
:101860006974790053544D333220584C2F564C2D07
:10187000584C0053544D333246330053544D333299
:101880004630006F7074696F6E004D616E697075DF
:101890006C617465206F7074696F6E206279746515
:1018A0007300000083180108319900088A180108A4
:1018B000000000000000000000000000466C6173A2
:1018C0006820777269746520706172616C6C656CF8
:1018D00069736D3A2025730A007831360078333207
:1018E000007836340075736167653A206D6F6E69F4
:1018F000746F72207073697A65202878387C78312B
:10190000367C7833327C783332290A004B65657037
:10191000696E67204C312070726F74656374696FF3
:101920006E207768696C652048572057617463683A
:10193000646F672066757365206973207365742111
:101940000A0045726173696E6720666C6173680A8C
:1019500054686973206D61792074616B6520612022
:10196000666577207365636F6E64732E2E2E0A0092
:10197000203C4F50544352313E00203C4F50544382
:1019800052323E006572726F720A0075736167654C
:101990003A206D6F6E69746F72206F7074696F6E2C
:1019A0002065726173650A75736167653A206D6FB2
:1019B0006E69746F72206F7074696F6E20777269D0
:1019C0007465203C4F505443523E257325730A00E2
:1019D0004F505443523A2030782530386C780020EC
:1019E0004F50544352313A2030782530386C7800CB
:1019F000204F50544352323A2030782530386C789A
:101A0000004744333246343035004744333246349D
:101A100037300069645F636F64653D3078256C78AA
:101A20000A0053544D333246320053544D3332463C
:101A30003430780053544D333246343278005354A6
:101A40004D3332463434360053544D3332463430FD
:101A500031430053544D3332463431310053544DE9
:101A6000333246343031450053544D3332463437E7
:101A7000780053544D3332463431320053544D3391
:101A800032463734780053544D3332463736780077
:101A900053544D3332463732780053544D33324627
:101AA000343133007073697A6500436F6E6669671D
:101AB00075726520666C6173682077726974652041
:101AC000706172616C6C656C69736D3A202878384E
:101AD0007C7831367C7833322864656661756C7445
:101AE000297C783634290000D9180108DD1801084E
:101AF000E1180108221A0108000000002A1A010852
:101B000000000000000000000000000000000000D5
:101B100000000000341A010800000000000000006E
:101B200000000000000000000000000000000000B5
:101B3000000000003E1A010800000000481A0108D9
:101B40000000000000000000000000000000000095
:101B50000000000000000000000000000000000085
:101B60000000000000000000000000000000000075
:101B700000000000531A0108000000005D1A01086F
:101B8000681A0108000000000000000000000000CA
:101B90000000000000000000000000000000000045
:101BA0000000000000000000000000000000000035
:101BB00000000000721A0108000000000000000090
:101BC0000000000000000000000000000000000015
:101BD000000000007C1A0108000000000000000066
:101BE00000000000000000000000000000000000F5
:101BF00000000000861A0108901A01080000000089
:101C000000000000000000000000000000000000D4
:101C100000000000000000000000000000000000C4
:101C200000000000000000000000000000000000B4
:101C30000000000000000000000000009A1A0108E7
:101C40000100000000000000010165726173650081
:101C5000777269746500000083180108C5A6000842
:101C60008A180108A41A0108A9A30008AA1A0108E1
:101C700000000000000000000000000049727265D2
:101C80007665727369626C65206F706572617469E4
:101C90006F6E733A2025730A004D7573742073704C
:101CA00065636966792077686963682062616E6B35
:101CB00020746F2065726173650A004972726576DF
:101CC00065727369626C65206F7065726174696FAB
:101CD0006E732064697361626C65640A00536361AA
:101CE0006E20616E64206174746163682061676155
:101CF000696E0A0077726974650075736167653A89
:101D0000206D6F6E69746F72206F7074696F6E20D2
:101D100065726173650A0075736167653A206D6F5E
:101D20006E69746F72206F7074696F6E207772695C
:101D30007465203C616464723E203C76616C3E2098
:101D40005B3C616464723E203C76616C3E5D2E2E8D
:101D50002E0A003078253038583A2030782530382F
:101D6000580A0057726974696E67206F7074696FE2
:101D70006E73206661696C6564210A0053544D33AB
:101D8000324730332F340053544D333243303131E6
:101D90000053544D3332433033310053544D3332BA
:101DA0004730352F360053544D33324730372F38B4
:101DB0000053544D33324730422F430065726173F4
:101DC000655F62616E6B20317C32004572617365C4
:101DD0002073706563696669656420466C61736829
:101DE0002062616E6B0069727265766572736962FA
:101DF0006C6500416C6C6F772069727265766572F4
:101E00007369626C65206F7065726174696F6E735F
:101E10003A2028656E61626C657C64697361626CEE
:101E200065290000BC1D010891AF0008CB1D010809
:101E300083180108ADB300088A180108E61D0108DF
:101E4000A9AE0008F31D010800000000000000001A
:101E50000000000053544D3332483536782F353763
:101E6000780A0053544D3332483530330A00556EEA
:101E70006B6E6F776E2025732E20424D50206D6162
:101E800079206E6F7420636F72726563746C792051
:101E9000737570706F7274206974210A00526576D0
:101EA0006973696F6E2025630A002530325825302A
:101EB000325825303258253032580053544D333281
:101EC000483500756964005072696E7420756E69DA
:101ED00071756520646576696365204944007265A3
:101EE000766973696F6E0052657475726E732074D3
:101EF00068652044657669636520494420616E64A5
:101F0000205265766973696F6E000000C31E010878
:101F10008DB60008C71E0108DE1E010805B60008C0
:101F2000E71E0108000000000000000000000000A3
:101F300053544D3332483734782F3735780A0053AD
:101F4000544D3332483742332F3741332F374230E5
:101F50000A0053544D3332483732782F3733780ADA
:101F6000004352433A2062616E6B31203078253055
:101F7000386C782C2062616E6B32203078253038D6
:101F80006C780A0048617264776172652049574431
:101F9000472072756E6E696E672E20457870656396
:101FA00074206661696C7572652E205365742049D2
:101FB000574447315F5357210053544D333248370C
:101FC00000436F6E66696775726520666C61736841
:101FD00020777269746520706172616C6C656C69E0
:101FE000736D3A202878387C7831367C7833327CAF
:101FF0007836342864656661756C742929006372CB
:1020000063005072696E7420435243206F662062F1
:102010006F74682062616E6B73000000D91801084C
:10202000DD180108E1180108A41A010839BD0008EB
:10203000C11F0108C31E01086DBA0008C71E0108B0
:10204000FE1F0108E9BC000802200108DE1E01088D
:10205000CDB90008E71E01080000000000000000E4
:1020600000000000417474616368656420696E203B
:1020700070726F746563746564206D6F64652C2085
:10208000706C6561736520697373756520276D6F6A
:102090006E69746F722065726173655F6D617373D1
:1020A0002720746F2072656761696E2063686970AC
:1020B000206163636573730A0068616C66776F7291
:1020C00064006279746500756E61626C6520746F7E
:1020D00020756E6C6F636B20454550524F4D0A0062
:1020E0005265667573696E6720746F20646F207522
:1020F0006E616C69676E65642077726974650A0049
:1021000077726974696E67202573203078253038BE
:102110006C782077697468203078256C780A0065BF
:102120006570726F6D207772697465206661696C85
:1021300065640A0075736167653A206D6F6E697436
:102140006F7220656570726F6D205B415247535D01
:102150000A0020206279746520202020203C6164E0
:1021600064723E203C76616C7565383E20202D20DF
:102170005772697465206120627974650A002020B5
:1021800068616C66776F7264203C616464723E20A3
:102190003C76616C756531363E202D20577269742E
:1021A0006520612068616C662D776F72640A00207B
:1021B00020776F726420202020203C616464723E8E
:1021C000203C76616C756533323E202D2057726954
:1021D0007465206120776F72640A00546865207608
:1021E000616C7565206F66203C616464723E206D91
:1021F00075737420696E2074686520696E746572E9
:1022000076616C205B3078253038782C203078254A
:1022100078290A0045525200756E61626C6520741F
:102220006F20756E6C6F636B204E564D206F70740F
:10223000696F6E2062797465730A006F626C5F6CFF
:1022400061756E63680072617700257320253038F0
:1022500078203C2D20253038780A006F7074696F23
:102260006E207772697465206661696C65640A0026
:1022700030782530386C783A203078253034752025
:102280003078253034752025730A004F5054523A67
:102290002030782530386C782C205244505254200D
:1022A00025752C205350524D442025752C20424F2B
:1022B000522025752C205744475F53572025752CF5
:1022C000206E5253545F5354502025752C206E526B
:1022D00053545F535442592025752C206E42464278
:1022E000322025750A004F5054523A20307825305C
:1022F000386C782C20524450524F542025752C2095
:102300005750524D4F442025752C205744475F535A
:10231000572025752C20424F4F54312025750A0037
:1023200075736167653A206D6F6E69746F72206FA7
:102330007074696F6E205B415247535D0A00202024
:1023400073686F772020202020202020202020204C
:10235000202020202020202D2053686F77206F70B0
:1023600074696F6E7320696E204E564D20616E64E5
:10237000206173206C6F616465640A0020206F62C5
:102380006C5F6C61756E6368202020202020202007
:1023900020202020202D2052656C6F6164206F70FA
:1023A00074696F6E732066726F6D204E564D0A0011
:1023B00020207772697465203C616464723E203C21
:1023C00076616C756531363E202D20536574206F23
:1023D0007074696F6E2068616C662D776F72643BF4
:1023E00020636F6D706C656D656E7420636F6D70CA
:1023F000757465640A002020726177203C61646412
:10240000723E203C76616C756533323E2020202D73
:1024100020536574206F7074696F6E20776F7264DB
:102420000A005468652076616C7565206F66203CF3
:10243000616464723E206D7573742062652033326E
:102440002D62697420616C69676E656420616E64D9
:102450002066726F6D2030782530386C7820746F6C
:10246000202B3078256C780A00202870726F7465F4
:1024700063746564290053544D33324C31780053F2
:10248000544D33324C3078002573257300656570E8
:10249000726F6D004D616E6970756C617465204579
:1024A0004550524F4D20284E564D2064617461298D
:1024B000206D656D6F727900831801088DC6000864
:1024C0008A1801088D240108C1C400089424010859
:1024D0000000000000000000000000004572617371
:1024E000696E672062616E6B2025753A2000646F0B
:1024F0006E650A0053544D33324C35002573206FFE
:102500007074696F6E73206E6F7420696D706C6586
:102510006D656E746564210A0053544D3332574221
:1025200078780053544D3332574C787800436861C3
:102530006E67696E67206C6576656C2032207072FC
:102540006F74656374696F6E2072657175657374FD
:1025500020746F206C6576656C2031210075736185
:1025600067653A206D6F6E69746F72206F70746961
:102570006F6E207772697465203C76616C75653E7C
:10258000202E2E2E0A0053544D3332574C7878208B
:1025900028736563757265290053544D3332574271
:1025A0007878202873656375726529004D33332B65
:1025B000545A0053544D33324C3431780053544DF7
:1025C00033324C3433780053544D33324C343578F5
:1025D0000053544D33324C3437780053544D33321A
:1025E0004C3439780053544D33324C3452780053C4
:1025F000544D33324734330053544D33324734371C
:102600000053544D33324734390053544D33324C18
:1026100035350053544D3332553533352F35343538
:102620000053544D3332553537352F353835005337
:10263000544D3332553539782F3541780053544D48
:102640003332553546782F3547780053544D333261
:10265000574231780065726173655F62616E6B31FC
:1026600000457261736520656E74697265206261F0
:102670006E6B3120666C617368206D656D6F727969
:102680000065726173655F62616E6B3200457261F5
:10269000736520656E746972652062616E6B3220AD
:1026A000666C617368206D656D6F72790000000063
:1026B000AAF8EFFFFFFFFFFF0000FF00FFFF00FF92
:1026C000FFFF00FF00FE00FFFFFFFFFFFFFFFFFF18
:1026D000FFFF00FFFFFF00FF00FF00FF2024282C6A
:1026E000307044484C50740055260108E1CC000875
:1026F0006126010881260108B5CC00088D26010855
:1027000083180108C5CD00088A18010800000000E0
:102710000000000000000000AAF8EFFFFFFFFFFF2D
:1027200000000000FF000000FF000000FFFFFFFFAF
:1027300000000000FF000000FF000000B3250108BA
:10274000200008000000020064040000A428010822
:10275000BD25010830001000000002003504000013
:10276000A4280108C72501088000200000000200FD
:1027700062040000A4280108D1250108600020009F
:102780000000820015040000A4280108DB250108D0
:10279000000140000000820061040000A42801083C
:1027A000E5250108C000400080018300700401009D
:1027B000A4280108EF25010816000A000000000007
:1027C00068040300A4280108F8250108600020001F
:1027D0000000020069040300A42801080126010882
:1027E000600010000000020079040300A428010822
:1027F0000A260108C0004000000002007204040024
:10280000C82801081326010800010000000082000A
:1028100050450500C82801082126010800030000D2
:102820000000820020480500C82801082F26010862
:10283000D20900000000820010480500C8280108E5
:102840003D260108D20B0000000082006047050011
:10285000C8280108232501082000200000000200EC
:10286000704906001429010819250108C00040001C
:102870000000020050490200E02801084B26010830
:102880000C0024000000020040490200E02801087A
:102890000000000000000000000000000000000038
:1028A00000000000082002400C20024010200240DE
:1028B0001420024020200240E075FF1F2024282C15
:1028C0003044484C500000000820024010200240D4
:1028D000202002402820024040200240E005FA0B60
:1028E000084000580C400058104000581440005850
:1028F00020400058E075FF1FAAF0EF3FFFFFFFFFE9
:1029000000FFFFFFFFFF80FFFFFF80FFFFFFFFFFD4
:1029100000FFFFFF084000580C40005810400058CE
:102920001440005820400058E075FF1F2024282C38
:1029300030343853544D33324D503135780A0053CA
:10294000544D33324D50313500000000C31E010894
:1029500011D30008C71E0108DE1E0108B9D2000805
:10296000E71E010800000000000000000000000059
:102970004D617373206572617365206E6F74206999
:102980006D706C656D656E74656420666F72207421
:1029900061726765740A0045726173696E672064CD
:1029A000657669636520466C6173683A20007573CB
:1029B0006167653A206D6F6E69746F722065726130
:1029C00073655F72616E6765203C616464726573F4
:1029D000733E203C636F756E743E0A00093C61646F
:1029E00064726573733E20697320616E2061646454
:1029F0007265737320696E207468652066697273EE
:102A000074207061676520746F2065726173650A58
:102A100000093C636F756E743E20697320746865AD
:102A2000206E756D626572206279746573206166CF
:102A3000746572207468617420746F2065726173AC
:102A4000652C20726F756E64656420746F207468E5
:102A500065206E657874206869676865722077689C
:102A60006F6C6520706167650A00546172676574F8
:102A7000003C6D656D6F72792D6D61703E003C6D2F
:102A8000656D6F727920747970653D2272616D2277
:102A90002073746172743D2230782530386C78224E
:102AA000206C656E6774683D223078256C78222F23
:102AB0003E003C6D656D6F727920747970653D22C2
:102AC000666C617368222073746172743D22307881
:102AD0002530386C7822206C656E6774683D223032
:102AE00078256C78223E003C70726F706572747944
:102AF000206E616D653D22626C6F636B73697A65F0
:102B0000223E3078256C783C2F70726F706572743D
:102B1000793E3C2F6D656D6F72793E003C2F6D657F
:102B20006D6F72792D6D61703E002E0052564442D9
:102B30004700257320737065636966696320636F5E
:102B40006D6D616E64733A0A0065726173655F6DE5
:102B50006173730045726173652077686F6C6520DF
:102B600064657669636520466C61736800657261AF
:102B700073655F72616E67650045726173652061A0
:102B80002072616E6765206F66206D656D6F72796A
:102B9000206F6E2061206465766963650000000027
:102BA000492B010821D40008542B01086D2B010882
:102BB00059D40008792B0108000000000000000033
:102BC0000000000000202020202020202020282895
:102BD00028282820202020202020202020202020DD
:102BE000202020202088101010101010101010101D
:102BF000101010101004040404040404040404104D
:102C000010101010101041414141414101010101DA
:102C100001010101010101010101010101010101A4
:102C200010101010101042424242424202020202B0
:102C30000202020202020202020202020202020274
:102C40001010101020000000000000000000000024
:102C50000000000000000000000000000000000074
:102C60000000000000000000000000000000000064
:102C70000000000000000000000000000000000054
:102C80000000000000000000000000000000000044
:102C90000000000000000000000000000000000034
:102CA0000000000000000000000000000000000024
:102CB0000000000000000000000000000000000014
:102CC0000000000000232D302B2000686C4C0065B4
:102CD0006667454647003031323334353637383948
:102CE000414243444546003031323334353637387B
:102CF0003961626364656600412D46612D6638392D
:102D000030313233343536375D002B2D00785800A2
:0C2D10000A2D01089C0601080D2D010889
:082D1C0070B2FF7F010000000E
:102D2400D0070000250F00081D0F0008ED0D000856
:102D34000D0E0008250E00083D0E0008550E000873
:102D44006D0E00088D0E0008A50E0008BD0E0008CB
:102D5400D50E0008ED0E0008050F00080000000065
:102D6400010000000000000000000000000000005E
:102D7400000000000000000000000000000000004F
:102D840003690008DD680008916C0008BD6D000847
:102D9400000000000000000000000000000000002F
:102DA40000000000010000000A0000000001000013
:102DB4000800000000127A0000127A0000127A0063
:102DC400302E30560001010101000000FFFFFFFF1B
:102DD400F5000108A4150108F5000108B71501085C
:102DE400C81501081A160108E9150108D9150108C2
:102DF40020200240AAFEFFFF24200240FFFFFFFF25
:102E040028200240000000002C200240FF000000A7
:102E140030200240FF00000034200240FFFFFFFF8B
:102E2400382002400000000044200240FFFFFFFF62
:102E340048200240000000004C200240FF00000037
:102E440050200240FF00000054200240FFFFFFFF1B
:102E540058200240000000008020024000000000D2
:102E64000000000003000000041500200000000022
:102E7400041500206C150020D4150020000000006B
:102E8400000000000000000000000000000000003E
:102E9400000000000000000000000000000000002E
:102EA400000000000000000000000000000000001E
:0C2EB40000000000000000004C010020A5
:0400000508002FEDD3
:00000001FF
